,0,1,2,3,4,5,6,7,8,9,10,11,12,13,14,15,16,17,18,19,20,21,22,23,24,25,26,27,28,29,30,31,32,33,34,35,36,37,38,39,40,41,42,43,44,45,46,47,48,49,50,51,52,53,54,55,56,57,58,59,60,61,62,63,64,65,66,67,68,69,70,71,72,73,74,75,76,77,78,79,80,81,82,83,84,85,86,87,88,89,90,91,92,93,94,95,96,97,98
0,bench,,,,,,,,,,,,,,,,,,,,,,,,,,,,,,,,,,,,,,,,,,,,,,,,,,,,,,,,,,,,,,,,,,,,,,,,,,,,,,,,,,,,,,,,,,,,,,,,,,
1,0,,,,,,,,,,,,,,,,,,,,,,,,,,,,,,,,,,,,,,,,,,,,,,,,,,,,,,,,,,,,,,,,,,,,,,,,,,,,,,,,,,,,,,,,,,,,,,,,,,
2,,0.0,1.0,2.0,3.0,4.0,5.0,6.0,7.0,8.0,9.0,,10.0,11.0,12.0,13.0,14.0,15.0,16.0,17.0,18.0,19.0,,20.0,21.0,22.0,23.0,24.0,25.0,26.0,27.0,28.0,29.0,,30.0,31.0,32.0,33.0,34.0,35.0,36.0,37.0,38.0,39.0,,40.0,41.0,42.0,43.0,44.0,45.0,46.0,47.0,48.0,49.0,,50.0,51.0,52.0,53.0,54.0,55.0,56.0,57.0,58.0,59.0,,60.0,61.0,62.0,63.0,64.0,65.0,66.0,67.0,68.0,69.0,,70.0,71.0,72.0,73.0,74.0,75.0,76.0,77.0,78.0,79.0,,80.0,81.0,82.0,83.0,84.0,85.0,86.0,87.0,88.0,89.0
3,0.0,0.3433187590624105,0.3433187590624105,0.3433187590624105,0.3433187590624105,0.3433187590624105,0.3433187590624105,0.3433187590624105,0.3433187590624105,0.3433187590624105,0.3433187590624105,0.0,0.3433187590624105,0.3433187590624105,0.3433187590624105,0.3433187590624105,0.3433187590624105,0.3433187590624105,0.3433187590624105,0.3433187590624105,0.3433187590624105,0.3433187590624105,0.0,0.3433187590624105,0.3433187590624105,0.3433187590624105,0.3433187590624105,0.3433187590624105,0.3433187590624105,0.3433187590624105,0.3433187590624105,0.3433187590624105,0.3433187590624105,0.0,0.3433187590624105,0.3433187590624105,0.3433187590624105,0.3433187590624105,0.3433187590624105,0.3433187590624105,0.3433187590624105,0.3433187590624105,0.3433187590624105,0.3433187590624105,0.0,0.3433187590624105,0.3433187590624105,0.3433187590624105,0.3433187590624105,0.3433187590624105,0.3433187590624105,0.3433187590624105,0.3433187590624105,0.3433187590624105,0.3433187590624105,0.0,0.3433187590624105,0.3433187590624105,0.3433187590624105,0.3433187590624105,0.3433187590624105,0.3433187590624105,0.3433187590624105,0.3433187590624105,0.3433187590624105,0.3433187590624105,0.0,0.3433187590624105,0.3433187590624105,0.3433187590624105,0.3433187590624105,0.3433187590624105,0.3433187590624105,0.3433187590624105,0.3433187590624105,0.3433187590624105,0.3433187590624105,0.0,0.3433187590624105,0.3433187590624105,0.3433187590624105,0.3433187590624105,0.3433187590624105,0.3433187590624105,0.3433187590624105,0.3433187590624105,0.3433187590624105,0.3433187590624105,0.0,0.3433187590624105,0.3433187590624105,0.3433187590624105,0.3433187590624105,0.3433187590624105,0.3433187590624105,0.3433187590624105,0.3433187590624105,0.3433187590624105,0.3433187590624105
4,1.0,-0.8097184379694747,-0.8097184379694747,-0.8097184379694747,-0.8097184379694747,-0.8097184379694747,-0.8097184379694747,-0.8097184379694747,-0.8097184379694747,-0.8097184379694747,-0.8097184379694747,1.0,-0.8097184379694747,-0.8097184379694747,-0.8097184379694747,-0.8097184379694747,-0.8097184379694747,-0.8097184379694747,-0.8097184379694747,-0.8097184379694747,-0.8097184379694747,-0.8097184379694747,1.0,-0.8097184379694747,-0.8097184379694747,-0.8097184379694747,-0.8097184379694747,-0.8097184379694747,-0.8097184379694747,-0.8097184379694747,-0.8097184379694747,-0.8097184379694747,-0.8097184379694747,1.0,-0.8097184379694747,-0.8097184379694747,-0.8097184379694747,-0.8097184379694747,-0.8097184379694747,-0.8097184379694747,-0.8097184379694747,-0.8097184379694747,-0.8097184379694747,-0.8097184379694747,1.0,-0.8097184379694747,-0.8097184379694747,-0.8097184379694747,-0.8097184379694747,-0.8097184379694747,-0.8097184379694747,-0.8097184379694747,-0.8097184379694747,-0.8097184379694747,-0.8097184379694747,1.0,-0.8097184379694747,-0.8097184379694747,-0.8097184379694747,-0.8097184379694747,-0.8097184379694747,-0.8097184379694747,-0.8097184379694747,-0.8097184379694747,-0.8097184379694747,-0.8097184379694747,1.0,-0.8097184379694747,-0.8097184379694747,-0.8097184379694747,-0.8097184379694747,-0.8097184379694747,-0.8097184379694747,-0.8097184379694747,-0.8097184379694747,-0.8097184379694747,-0.8097184379694747,1.0,-0.8097184379694747,-0.8097184379694747,-0.8097184379694747,-0.8097184379694747,-0.8097184379694747,-0.8097184379694747,-0.8097184379694747,-0.8097184379694747,-0.8097184379694747,-0.8097184379694747,1.0,-0.8097184379694747,-0.8097184379694747,-0.8097184379694747,-0.8097184379694747,-0.8097184379694747,-0.8097184379694747,-0.8097184379694747,-0.8097184379694747,-0.8097184379694747,-0.8097184379694747
5,2.0,0.05197954066972077,0.05197954066972077,0.05197954066972077,0.05197954066972077,0.05197954066972077,0.05197954066972077,0.05197954066972077,0.05197954066972077,0.05197954066972077,0.05197954066972077,2.0,0.05197954066972077,0.05197954066972077,0.05197954066972077,0.05197954066972077,0.05197954066972077,0.05197954066972077,0.05197954066972077,0.05197954066972077,0.05197954066972077,0.05197954066972077,2.0,0.05197954066972077,0.05197954066972077,0.05197954066972077,0.05197954066972077,0.05197954066972077,0.05197954066972077,0.05197954066972077,0.05197954066972077,0.05197954066972077,0.05197954066972077,2.0,0.05197954066972077,0.05197954066972077,0.05197954066972077,0.05197954066972077,0.05197954066972077,0.05197954066972077,0.05197954066972077,0.05197954066972077,0.05197954066972077,0.05197954066972077,2.0,0.05197954066972077,0.05197954066972077,0.05197954066972077,0.05197954066972077,0.05197954066972077,0.05197954066972077,0.05197954066972077,0.05197954066972077,0.05197954066972077,0.05197954066972077,2.0,0.05197954066972077,0.05197954066972077,0.05197954066972077,0.05197954066972077,0.05197954066972077,0.05197954066972077,0.05197954066972077,0.05197954066972077,0.05197954066972077,0.05197954066972077,2.0,0.05197954066972077,0.05197954066972077,0.05197954066972077,0.05197954066972077,0.05197954066972077,0.05197954066972077,0.05197954066972077,0.05197954066972077,0.05197954066972077,0.05197954066972077,2.0,0.05197954066972077,0.05197954066972077,0.05197954066972077,0.05197954066972077,0.05197954066972077,0.05197954066972077,0.05197954066972077,0.05197954066972077,0.05197954066972077,0.05197954066972077,2.0,0.05197954066972077,0.05197954066972077,0.05197954066972077,0.05197954066972077,0.05197954066972077,0.05197954066972077,0.05197954066972077,0.05197954066972077,0.05197954066972077,0.05197954066972077
6,3.0,0.3959924365633933,0.3959924365633933,0.3959924365633933,0.3959924365633933,0.3959924365633933,0.3959924365633933,0.3959924365633933,0.3959924365633933,0.3959924365633933,0.3959924365633933,3.0,0.3959924365633933,0.3959924365633933,0.3959924365633933,0.3959924365633933,0.3959924365633933,0.3959924365633933,0.3959924365633933,0.3959924365633933,0.3959924365633933,0.3959924365633933,3.0,0.3959924365633933,0.3959924365633933,0.3959924365633933,0.3959924365633933,0.3959924365633933,0.3959924365633933,0.3959924365633933,0.3959924365633933,0.3959924365633933,0.3959924365633933,3.0,0.3959924365633933,0.3959924365633933,0.3959924365633933,0.3959924365633933,0.3959924365633933,0.3959924365633933,0.3959924365633933,0.3959924365633933,0.3959924365633933,0.3959924365633933,3.0,0.3959924365633933,0.3959924365633933,0.3959924365633933,0.3959924365633933,0.3959924365633933,0.3959924365633933,0.3959924365633933,0.3959924365633933,0.3959924365633933,0.3959924365633933,3.0,0.3959924365633933,0.3959924365633933,0.3959924365633933,0.3959924365633933,0.3959924365633933,0.3959924365633933,0.3959924365633933,0.3959924365633933,0.3959924365633933,0.3959924365633933,3.0,0.3959924365633933,0.3959924365633933,0.3959924365633933,0.3959924365633933,0.3959924365633933,0.3959924365633933,0.3959924365633933,0.3959924365633933,0.3959924365633933,0.3959924365633933,3.0,0.3959924365633933,0.3959924365633933,0.3959924365633933,0.3959924365633933,0.3959924365633933,0.3959924365633933,0.3959924365633933,0.3959924365633933,0.3959924365633933,0.3959924365633933,3.0,0.3959924365633933,0.3959924365633933,0.3959924365633933,0.3959924365633933,0.3959924365633933,0.3959924365633933,0.3959924365633933,0.3959924365633933,0.3959924365633933,0.3959924365633933
7,4.0,0.592663831134532,0.592663831134532,0.592663831134532,0.592663831134532,0.592663831134532,0.592663831134532,0.592663831134532,0.592663831134532,0.592663831134532,0.592663831134532,4.0,0.592663831134532,0.592663831134532,0.592663831134532,0.592663831134532,0.592663831134532,0.592663831134532,0.592663831134532,0.592663831134532,0.592663831134532,0.592663831134532,4.0,0.592663831134532,0.592663831134532,0.592663831134532,0.592663831134532,0.592663831134532,0.592663831134532,0.592663831134532,0.592663831134532,0.592663831134532,0.592663831134532,4.0,0.592663831134532,0.592663831134532,0.592663831134532,0.592663831134532,0.592663831134532,0.592663831134532,0.592663831134532,0.592663831134532,0.592663831134532,0.592663831134532,4.0,0.592663831134532,0.592663831134532,0.592663831134532,0.592663831134532,0.592663831134532,0.592663831134532,0.592663831134532,0.592663831134532,0.592663831134532,0.592663831134532,4.0,0.592663831134532,0.592663831134532,0.592663831134532,0.592663831134532,0.592663831134532,0.592663831134532,0.592663831134532,0.592663831134532,0.592663831134532,0.592663831134532,4.0,0.592663831134532,0.592663831134532,0.592663831134532,0.592663831134532,0.592663831134532,0.592663831134532,0.592663831134532,0.592663831134532,0.592663831134532,0.592663831134532,4.0,0.592663831134532,0.592663831134532,0.592663831134532,0.592663831134532,0.592663831134532,0.592663831134532,0.592663831134532,0.592663831134532,0.592663831134532,0.592663831134532,4.0,0.592663831134532,0.592663831134532,0.592663831134532,0.592663831134532,0.592663831134532,0.592663831134532,0.592663831134532,0.592663831134532,0.592663831134532,0.592663831134532
8,5.0,0.4288127270200999,0.4288127270200999,0.4288127270200999,0.4288127270200999,0.4288127270200999,0.4288127270200999,0.4288127270200999,0.4288127270200999,0.4288127270200999,0.4288127270200999,5.0,0.4288127270200999,0.4288127270200999,0.4288127270200999,0.4288127270200999,0.4288127270200999,0.4288127270200999,0.4288127270200999,0.4288127270200999,0.4288127270200999,0.4288127270200999,5.0,0.4288127270200999,0.4288127270200999,0.4288127270200999,0.4288127270200999,0.4288127270200999,0.4288127270200999,0.4288127270200999,0.4288127270200999,0.4288127270200999,0.4288127270200999,5.0,0.4288127270200999,0.4288127270200999,0.4288127270200999,0.4288127270200999,0.4288127270200999,0.4288127270200999,0.4288127270200999,0.4288127270200999,0.4288127270200999,0.4288127270200999,5.0,0.4288127270200999,0.4288127270200999,0.4288127270200999,0.4288127270200999,0.4288127270200999,0.4288127270200999,0.4288127270200999,0.4288127270200999,0.4288127270200999,0.4288127270200999,5.0,0.4288127270200999,0.4288127270200999,0.4288127270200999,0.4288127270200999,0.4288127270200999,0.4288127270200999,0.4288127270200999,0.4288127270200999,0.4288127270200999,0.4288127270200999,5.0,0.4288127270200999,0.4288127270200999,0.4288127270200999,0.4288127270200999,0.4288127270200999,0.4288127270200999,0.4288127270200999,0.4288127270200999,0.4288127270200999,0.4288127270200999,5.0,0.4288127270200999,0.4288127270200999,0.4288127270200999,0.4288127270200999,0.4288127270200999,0.4288127270200999,0.4288127270200999,0.4288127270200999,0.4288127270200999,0.4288127270200999,5.0,0.4288127270200999,0.4288127270200999,0.4288127270200999,0.4288127270200999,0.4288127270200999,0.4288127270200999,0.4288127270200999,0.4288127270200999,0.4288127270200999,0.4288127270200999
9,6.0,-0.6994696228482269,-0.6994696228482269,-0.6994696228482269,-0.6994696228482269,-0.6994696228482269,-0.6994696228482269,-0.6994696228482269,-0.6994696228482269,-0.6994696228482269,-0.6994696228482269,6.0,-0.6994696228482269,-0.6994696228482269,-0.6994696228482269,-0.6994696228482269,-0.6994696228482269,-0.6994696228482269,-0.6994696228482269,-0.6994696228482269,-0.6994696228482269,-0.6994696228482269,6.0,-0.6994696228482269,-0.6994696228482269,-0.6994696228482269,-0.6994696228482269,-0.6994696228482269,-0.6994696228482269,-0.6994696228482269,-0.6994696228482269,-0.6994696228482269,-0.6994696228482269,6.0,-0.6994696228482269,-0.6994696228482269,-0.6994696228482269,-0.6994696228482269,-0.6994696228482269,-0.6994696228482269,-0.6994696228482269,-0.6994696228482269,-0.6994696228482269,-0.6994696228482269,6.0,-0.6994696228482269,-0.6994696228482269,-0.6994696228482269,-0.6994696228482269,-0.6994696228482269,-0.6994696228482269,-0.6994696228482269,-0.6994696228482269,-0.6994696228482269,-0.6994696228482269,6.0,-0.6994696228482269,-0.6994696228482269,-0.6994696228482269,-0.6994696228482269,-0.6994696228482269,-0.6994696228482269,-0.6994696228482269,-0.6994696228482269,-0.6994696228482269,-0.6994696228482269,6.0,-0.6994696228482269,-0.6994696228482269,-0.6994696228482269,-0.6994696228482269,-0.6994696228482269,-0.6994696228482269,-0.6994696228482269,-0.6994696228482269,-0.6994696228482269,-0.6994696228482269,6.0,-0.6994696228482269,-0.6994696228482269,-0.6994696228482269,-0.6994696228482269,-0.6994696228482269,-0.6994696228482269,-0.6994696228482269,-0.6994696228482269,-0.6994696228482269,-0.6994696228482269,6.0,-0.6994696228482269,-0.6994696228482269,-0.6994696228482269,-0.6994696228482269,-0.6994696228482269,-0.6994696228482269,-0.6994696228482269,-0.6994696228482269,-0.6994696228482269,-0.6994696228482269
10,7.0,0.7941476674425929,0.7941476674425929,0.7941476674425929,0.7941476674425929,0.7941476674425929,0.7941476674425929,0.7941476674425929,0.7941476674425929,0.7941476674425929,0.7941476674425929,7.0,0.7941476674425929,0.7941476674425929,0.7941476674425929,0.7941476674425929,0.7941476674425929,0.7941476674425929,0.7941476674425929,0.7941476674425929,0.7941476674425929,0.7941476674425929,7.0,0.7941476674425929,0.7941476674425929,0.7941476674425929,0.7941476674425929,0.7941476674425929,0.7941476674425929,0.7941476674425929,0.7941476674425929,0.7941476674425929,0.7941476674425929,7.0,0.7941476674425929,0.7941476674425929,0.7941476674425929,0.7941476674425929,0.7941476674425929,0.7941476674425929,0.7941476674425929,0.7941476674425929,0.7941476674425929,0.7941476674425929,7.0,0.7941476674425929,0.7941476674425929,0.7941476674425929,0.7941476674425929,0.7941476674425929,0.7941476674425929,0.7941476674425929,0.7941476674425929,0.7941476674425929,0.7941476674425929,7.0,0.7941476674425929,0.7941476674425929,0.7941476674425929,0.7941476674425929,0.7941476674425929,0.7941476674425929,0.7941476674425929,0.7941476674425929,0.7941476674425929,0.7941476674425929,7.0,0.7941476674425929,0.7941476674425929,0.7941476674425929,0.7941476674425929,0.7941476674425929,0.7941476674425929,0.7941476674425929,0.7941476674425929,0.7941476674425929,0.7941476674425929,7.0,0.7941476674425929,0.7941476674425929,0.7941476674425929,0.7941476674425929,0.7941476674425929,0.7941476674425929,0.7941476674425929,0.7941476674425929,0.7941476674425929,0.7941476674425929,7.0,0.7941476674425929,0.7941476674425929,0.7941476674425929,0.7941476674425929,0.7941476674425929,0.7941476674425929,0.7941476674425929,0.7941476674425929,0.7941476674425929,0.7941476674425929
11,8.0,0.23939545978559074,0.23939545978559074,0.23939545978559074,0.23939545978559074,0.23939545978559074,0.23939545978559074,0.23939545978559074,0.23939545978559074,0.23939545978559074,0.23939545978559074,8.0,0.23939545978559074,0.23939545978559074,0.23939545978559074,0.23939545978559074,0.23939545978559074,0.23939545978559074,0.23939545978559074,0.23939545978559074,0.23939545978559074,0.23939545978559074,8.0,0.23939545978559074,0.23939545978559074,0.23939545978559074,0.23939545978559074,0.23939545978559074,0.23939545978559074,0.23939545978559074,0.23939545978559074,0.23939545978559074,0.23939545978559074,8.0,0.23939545978559074,0.23939545978559074,0.23939545978559074,0.23939545978559074,0.23939545978559074,0.23939545978559074,0.23939545978559074,0.23939545978559074,0.23939545978559074,0.23939545978559074,8.0,0.23939545978559074,0.23939545978559074,0.23939545978559074,0.23939545978559074,0.23939545978559074,0.23939545978559074,0.23939545978559074,0.23939545978559074,0.23939545978559074,0.23939545978559074,8.0,0.23939545978559074,0.23939545978559074,0.23939545978559074,0.23939545978559074,0.23939545978559074,0.23939545978559074,0.23939545978559074,0.23939545978559074,0.23939545978559074,0.23939545978559074,8.0,0.23939545978559074,0.23939545978559074,0.23939545978559074,0.23939545978559074,0.23939545978559074,0.23939545978559074,0.23939545978559074,0.23939545978559074,0.23939545978559074,0.23939545978559074,8.0,0.23939545978559074,0.23939545978559074,0.23939545978559074,0.23939545978559074,0.23939545978559074,0.23939545978559074,0.23939545978559074,0.23939545978559074,0.23939545978559074,0.23939545978559074,8.0,0.23939545978559074,0.23939545978559074,0.23939545978559074,0.23939545978559074,0.23939545978559074,0.23939545978559074,0.23939545978559074,0.23939545978559074,0.23939545978559074,0.23939545978559074
12,9.0,0.22653352885871206,0.22653352885871206,0.22653352885871206,0.22653352885871206,0.22653352885871206,0.22653352885871206,0.22653352885871206,0.22653352885871206,0.22653352885871206,0.22653352885871206,9.0,0.22653352885871206,0.22653352885871206,0.22653352885871206,0.22653352885871206,0.22653352885871206,0.22653352885871206,0.22653352885871206,0.22653352885871206,0.22653352885871206,0.22653352885871206,9.0,0.22653352885871206,0.22653352885871206,0.22653352885871206,0.22653352885871206,0.22653352885871206,0.22653352885871206,0.22653352885871206,0.22653352885871206,0.22653352885871206,0.22653352885871206,9.0,0.22653352885871206,0.22653352885871206,0.22653352885871206,0.22653352885871206,0.22653352885871206,0.22653352885871206,0.22653352885871206,0.22653352885871206,0.22653352885871206,0.22653352885871206,9.0,0.22653352885871206,0.22653352885871206,0.22653352885871206,0.22653352885871206,0.22653352885871206,0.22653352885871206,0.22653352885871206,0.22653352885871206,0.22653352885871206,0.22653352885871206,9.0,0.22653352885871206,0.22653352885871206,0.22653352885871206,0.22653352885871206,0.22653352885871206,0.22653352885871206,0.22653352885871206,0.22653352885871206,0.22653352885871206,0.22653352885871206,9.0,0.22653352885871206,0.22653352885871206,0.22653352885871206,0.22653352885871206,0.22653352885871206,0.22653352885871206,0.22653352885871206,0.22653352885871206,0.22653352885871206,0.22653352885871206,9.0,0.22653352885871206,0.22653352885871206,0.22653352885871206,0.22653352885871206,0.22653352885871206,0.22653352885871206,0.22653352885871206,0.22653352885871206,0.22653352885871206,0.22653352885871206,9.0,0.22653352885871206,0.22653352885871206,0.22653352885871206,0.22653352885871206,0.22653352885871206,0.22653352885871206,0.22653352885871206,0.22653352885871206,0.22653352885871206,0.22653352885871206
13,rety,,,,,,,,,,,,,,,,,,,,,,,,,,,,,,,,,,,,,,,,,,,,,,,,,,,,,,,,,,,,,,,,,,,,,,,,,,,,,,,,,,,,,,,,,,,,,,,,,,
14,0,,,,,,,,,,,,,,,,,,,,,,,,,,,,,,,,,,,,,,,,,,,,,,,,,,,,,,,,,,,,,,,,,,,,,,,,,,,,,,,,,,,,,,,,,,,,,,,,,,
15,,0.0,1.0,2.0,3.0,4.0,5.0,6.0,7.0,8.0,9.0,,10.0,11.0,12.0,13.0,14.0,15.0,16.0,17.0,18.0,19.0,,20.0,21.0,22.0,23.0,24.0,25.0,26.0,27.0,28.0,29.0,,30.0,31.0,32.0,33.0,34.0,35.0,36.0,37.0,38.0,39.0,,40.0,41.0,42.0,43.0,44.0,45.0,46.0,47.0,48.0,49.0,,50.0,51.0,52.0,53.0,54.0,55.0,56.0,57.0,58.0,59.0,,60.0,61.0,62.0,63.0,64.0,65.0,66.0,67.0,68.0,69.0,,70.0,71.0,72.0,73.0,74.0,75.0,76.0,77.0,78.0,79.0,,80.0,81.0,82.0,83.0,84.0,85.0,86.0,87.0,88.0,89.0
16,0.0,-0.004935699605066346,0.1578911681583448,0.15197889008420604,-0.07836532787968398,0.1578911681583448,0.008200148202567759,0.02725887340213884,0.19301413876251527,0.2162638943002846,0.059529695490716523,0.0,0.1258206109968245,-0.028784728481580982,0.08436675450203279,0.1237941364326922,0.009324664385013115,0.18186390368907146,0.13300717802267048,0.09709042062593176,0.320090664322243,0.4782003240723261,0.0,0.15836588230974669,0.12757704050185906,0.24306775015310045,0.2915807422829171,0.29924413645496384,0.3831497679595217,0.2292486062259118,0.3271394545774657,0.3303751334825491,0.01939063802102892,0.0,0.10857368161568592,0.1948514818097946,0.05258037571874996,0.19642749345308247,0.07603385576356225,0.2321297641759585,0.2255751615251365,0.2114572109042805,0.1881369025300972,0.22874508644015235,0.0,0.2910235234061007,0.19966261825969256,0.2137979451738674,0.16699338647509746,-0.06294542471122766,0.17455833108623242,0.15260169238807064,0.1500936285472141,0.26165737583211657,0.07509251282681982,0.0,0.14872642889630885,0.21473299890494624,0.12106860141719045,0.1663624614995496,0.12654010322087886,0.15469690010189166,0.09825365357465166,0.07422577387935836,0.22124242979282327,0.15164621044120885,0.0,0.11199599877421118,0.08584968679528182,0.09768425427266524,-0.049643261701427084,0.1779929674719407,0.06439079889694478,0.00826073292418883,-0.0833579497342466,0.018078494311820625,0.11976453388045916,0.0,0.1806074473884396,0.11146385901362876,0.2318220111948701,0.017236144266655318,0.14571087627165902,0.2672787021966416,0.1084656335647185,0.3554736052334275,0.1629266590776004,0.371025693609004,0.0,0.16775198389414814,0.1246080978324262,0.27726050052485673,0.21392000257735266,0.04950474200314648,0.15914560706892233,-0.05660554927405381,0.24189948368479275,0.11952451544736407,0.08585789141683288
17,1.0,-0.3891274171098391,-0.5064464656709864,-0.41635880853082907,-0.5045250099608691,-0.5064464656709864,-0.5197027232643591,-0.1025593648860591,-0.53544095992463,-0.33252503295790115,-0.4662079619772049,1.0,-0.6882077710157086,-0.6091841484027374,-0.5871460988368573,-0.26942266547062604,-0.2742120136400309,-0.3374834992564478,-0.43227807746019803,-0.6461337840582726,-0.7861622875880674,-0.7897612680947671,1.0,-0.514529060859215,-0.4715951564979853,-0.5284549711268365,-0.6965666989653281,-0.6202019407812964,-0.6362567961044532,-0.6612303443115182,-0.6416819404590773,-0.5965380641236098,-0.6083076801546676,1.0,-0.6180218931212476,-0.5640447475163528,-0.5880716234619364,-0.6449454199238076,0.16743080935464993,-0.5084189133815102,-0.40766804356822417,-0.6077560741258412,-0.5012796328715763,-0.5253834122099157,1.0,-0.5464681912112304,-0.513796722321238,-0.5386822418168123,-0.5316377742143332,-0.4513409592764474,-0.4534830394665991,-0.4037269763863701,0.012571440497233688,-0.449166665092586,-0.5915671872135799,1.0,-0.37978090715601465,-0.7543636097497599,-0.4952505198939735,-0.5978753406465845,-0.5823596992839022,-0.426948008559592,-0.4981529271148316,-0.5872399574498232,-0.5742697769389975,-0.3636128258505197,1.0,-0.5688586228244492,-0.6350417582730608,-0.6019834139824434,-0.6888295577812574,-0.4766520199339189,-0.5419085150555194,-0.2439829491834577,-0.5889409808088911,-0.3432885901107896,-0.5554952114135372,1.0,-0.4207532698867411,-0.5226250597818975,-0.5802536484750046,-0.3417445856855833,-0.5532435942955809,-0.5713658756583063,-0.6374033761803565,-0.6334152742884844,-0.4758729134708806,-0.4413276424189232,1.0,-0.6745780519071005,-0.5812987249410562,-0.5347755703527118,-0.3018624144653381,-0.4208462051809255,-0.5750348890465082,-0.2796989956248508,-0.489221812212916,-0.4520223988759304,-0.581497078389167
18,2.0,5.8973426847686035e-05,0.13610458639335965,0.00935329054857914,-0.09886651125580992,0.13610458639335965,-0.047285627542329456,-0.018123518539193584,-0.05873485362725539,-0.04027011178953999,0.07526154129905649,2.0,-0.06883301868738534,0.034763135415151414,-0.005074306429009634,-0.030830222583283832,-0.038175341498473785,0.08914322732288249,-0.02595142396830663,0.01884243541303543,0.042946705858573735,0.04910785151279762,2.0,0.01911603741394674,0.04973882079456482,0.014982350622601446,0.005033727450749703,-0.015847868373495274,0.01174040908464069,-0.06361872568490701,0.04022327128854819,0.08279564217820745,-0.09047207022658066,2.0,-0.009472648492430902,0.007660054655788119,-0.08803615462267778,-0.078192571462114,0.012417487471650944,-0.014406660645175484,0.026567451224125405,0.02878058931487804,-0.0008543476968726482,0.06400629455404894,2.0,0.05680991027106508,0.04420356753892984,0.1342478623451302,0.02818021647467006,0.12439719323266085,-0.02080202519179664,0.04710282335734939,0.009906080834648723,0.0020726300489049,0.05601770086766122,2.0,-0.03336100023509836,-0.09722386052313624,-0.040506877564056576,0.048386556112800516,0.004313608578818462,0.07120811333167598,-0.07663074337679865,0.018759697027283858,0.07390907221515608,0.047234684705853125,2.0,-0.0149500567256593,-0.11016146083441936,0.014299899793592363,-0.07897642999587529,0.11554831408765807,-0.03474833031804536,-0.04110191375237704,-0.04934171494346895,-0.1234349149660926,0.048324507445324016,2.0,0.0998440149689226,-0.023357690392404318,0.04268995648566376,-0.0329027686461667,0.08319723416937275,0.12584941393242333,-0.004998421967672417,0.01382942600623327,-0.017015391095275608,0.1513783312688899,2.0,-0.0085064323759807,-0.06381310313686384,0.0889875318696991,-0.08203019778161091,0.05369666097499914,0.13270607485776464,-0.019018231377570197,-0.02334087055157164,-0.042332607175124985,-0.04404975228092356
19,3.0,0.08022972612181878,0.3360324062983937,0.056071345585115166,-0.004320473208035081,0.3360324062983937,0.022780232724893382,-0.011217996728029813,0.04599274172836254,0.09316283776550782,0.21297780685933154,3.0,0.24299122442786425,0.16509257375567946,0.0789598745140685,-0.013241952302462612,-0.019103375397660268,0.2480310171661162,0.3520574603596696,0.03012091752811652,0.3811645439594147,0.4678642922638103,3.0,0.002857236528354345,0.2735226698187385,0.3186572201468758,0.11279404252345834,0.1119279503890802,0.19751341146933488,0.3025906866595478,0.19560819038970131,0.3461911049146238,0.1463442283243912,3.0,0.06592473334744177,0.17870083803567272,0.10680949629786674,0.053416044812165435,0.019965780942924786,0.06232472802092781,0.26801964063016714,0.2558078991540877,0.07982634379406695,0.2677944005628605,3.0,0.1382939710298221,0.2488524748085239,0.30577538174986674,0.1682746690348078,0.3477447334541759,0.10685601626839314,0.4256661992380213,0.03329926841695064,0.3155121409512789,0.13242941882946102,3.0,0.1315577481866015,-0.1198771616153944,0.07824849299779424,0.1411021289049743,0.15107976392658173,0.22656521670850396,-0.048427986473026714,0.1556526365986246,0.0934693338738577,0.14399091768526273,3.0,0.092158105701041,0.10236043354033364,0.16903247458079962,0.0277682612346164,0.3022872373533414,0.13091356671512844,-0.029082843414015125,0.1035675907644753,-0.06641409994336013,0.12653568884264432,3.0,0.07392978688375762,0.0895976777712546,0.4100838511435552,-0.07787029847118576,0.1169238186800301,0.13510067029109574,0.10983864517352783,0.08922247651768768,0.12880429395587356,0.3552028122995452,3.0,0.2488672819032769,0.18334866495164004,0.20270324041245447,0.0478927590870355,0.1312103786714005,0.5951289658086196,0.10905546424876268,0.047180786623842286,-0.02912527767620932,-0.02906484764599193
20,4.0,0.08559369110624826,0.2858969547184469,0.04379628411961778,0.1867039281668488,0.2858969547184469,0.19246612837560664,0.08064555640768578,0.07889749051730632,0.07493164075606384,0.1354152917402196,4.0,0.4187968636472832,0.27503996153156995,0.14325512877224944,0.2358732816102596,0.2041897108299744,0.11148183718606576,0.190586133869064,0.2340500898280027,0.601299162677873,0.4630419802773034,4.0,0.2742144282581904,0.20367829402883156,0.2608800996195375,0.2185582973435136,0.3678190684742715,0.2063033074907119,0.264558000768484,0.21296641392431592,0.41200557588791453,0.21099613612618828,4.0,0.2610066729063349,0.2238875576915449,0.15089898594819218,0.3838361305134215,0.11851505342594915,0.2704717181537521,0.2994113128028615,0.2959436596437204,0.3112002424928104,0.3453493985538785,4.0,0.3596064962349419,0.2294187103305769,0.25756528985386296,0.3465505272683389,0.3451805179339187,0.32687943899724914,0.3497281226774325,0.1160739039276133,0.3967515851845216,0.3351895622733241,4.0,0.26213811265642106,0.2351811912307522,0.16182434414316127,0.2346076970030686,0.2381722155707071,0.12307119513499097,0.18329690193918835,0.199096342179562,0.2162726112578679,0.22267268187317368,4.0,0.2554937505251562,0.2711669443460145,0.19125443918540247,0.19969055766801014,0.13042175278854984,0.2121281181330945,0.14570696732167845,0.17543727575710832,0.035232674305794916,0.2849149691073438,4.0,0.2887856515809921,0.11466785194809305,0.2724870456502788,0.11572281038693633,0.16850854021311146,0.1892890955780369,0.1458226215448024,0.25582346605391115,0.4177662673515763,0.35805512089684943,4.0,0.492269122031898,0.1892073790487745,0.4690801591090101,0.02173779558146416,0.03381944541097348,0.3130767590678063,0.10114656685089264,0.13605258105472395,0.1462794084428054,0.24535752318912385
21,5.0,0.09125949684779043,0.06999812687390182,0.03608073833966774,0.2838198222232973,0.06999812687390182,0.07962429741304833,0.04582449699918656,0.13990937174168727,0.15113669623198134,0.12169328603467774,5.0,0.2678366133946644,0.18511416017130444,0.17426584151165048,0.1916971703715602,0.18224938000269894,0.14466588393003074,0.18097924576505764,0.08700424907204507,0.306301260312003,0.3395423301913931,5.0,0.14093181633493068,0.17131298962675245,0.2384726751980455,0.15214617576176948,0.2579335876964326,0.2615953859255449,0.2464120318163832,0.11149463182626818,0.13955002366142774,0.18638386082967814,5.0,0.08754798784056739,0.11412374202343667,0.15919222368896535,0.1512318824644492,0.09432682798617488,0.17575159214678338,0.06073138143435841,0.06501225270379263,0.1455462754002308,0.06499634260933229,5.0,0.06871340729659514,0.09818164225394944,0.11105070726383316,0.18770302400626293,-0.021475530638862983,0.06394236383330121,0.08385899604466608,0.07442544738156065,0.19660844926423127,0.08435384246380506,5.0,0.15445998105864733,0.3043951989945626,0.15221890226699553,0.1992880340905303,0.2879400103350791,0.16956215448680845,0.2236687591840092,0.23049534506120886,0.1391004408140526,0.13166977755398412,5.0,0.2986864243650287,0.1943838821268196,0.13980788173138992,0.21594427058701404,0.08803766784552858,0.23679835642853075,0.055779499142711415,0.18403770876437364,0.08556200545148074,0.08263150838742582,5.0,0.014485143751683973,0.3093633882847273,0.11820594112678418,0.10925499856208387,0.09135186426902032,0.14351622132917985,0.11028778968063556,0.25835842372306783,0.13921966232887728,0.11889446276833347,5.0,0.26976857907963425,0.2729649699575647,0.20651053393191265,0.1323149128985146,0.052819314436057814,0.07368460258670129,0.049643155057472736,0.2151979640853472,0.09476603002994777,0.12822929132715544
22,6.0,-0.24417892783437825,-0.4603709474201432,-0.27850258349516743,-0.3858719216126919,-0.4603709474201432,-0.31888084961695284,-0.10309344855827783,-0.3141113209333076,-0.2983128174403333,-0.4217613923200672,6.0,-0.40381966249836776,-0.3964274873899636,-0.2742217078406235,-0.36394817981796707,-0.20011261644101008,-0.33208511563917986,-0.4233980417770937,-0.439468374451838,-0.5962363632457736,-0.6502333254396659,6.0,-0.3644229840860608,-0.1933176633716228,-0.44350462578341454,-0.4169988336875313,-0.4407530503817644,-0.4234833806846245,-0.3279846558197955,-0.3474601556660506,-0.4898192242275248,-0.4763816118405053,6.0,-0.4121675996348846,-0.4808886319353832,-0.3299381365444951,-0.4622505866986368,-0.22966470433645855,-0.471856898019741,-0.3694215627687725,-0.3537223292524028,-0.4172394297982016,-0.4145911976126885,6.0,-0.4648185964795184,-0.3256697633089808,-0.4660432975961785,-0.42910877828383776,-0.2873359115318589,-0.4107810578361596,-0.4473042138001745,-0.2647249856086792,-0.43056382428905504,-0.44829580152110815,6.0,-0.4092712484055775,-0.3741398416243333,-0.3783060297930638,-0.4544978300675292,-0.489154308902742,-0.4197932063761319,-0.2940465452924376,-0.4318105406053404,-0.4698530087310153,-0.44303186148974427,6.0,-0.4356765940353443,-0.30814439935032023,-0.4113672560829834,-0.4887485069278736,-0.3816922513810549,-0.462420829728908,-0.10833493182540456,-0.34271171340046924,-0.21822045064188025,-0.4391649191134591,6.0,-0.2759642809035726,-0.4076710967266571,-0.4465832535268859,-0.3424348051684474,-0.4934454026910594,-0.4717968246559738,-0.4545806310775216,-0.5061513906917241,-0.4680637698895193,-0.5654779881983363,6.0,-0.5208473682164654,-0.4575118120182202,-0.5047027690105949,-0.2764182156052281,-0.14989886829508314,-0.36609222261932783,-0.18092811620717172,-0.3524295973577871,-0.2477332191594957,-0.26721803790931764
23,7.0,0.10052162756989992,0.35954555580040704,0.24964153477537976,0.17785109964242585,0.35954555580040704,0.2447850079076255,0.09208656249885716,0.2623360760316509,0.2048814122771534,0.3610307397447179,7.0,0.25535408537038906,0.2706431466680235,0.2460482718027923,0.2976592078171121,0.2334701522266009,0.2093332727794761,0.36279012048073134,0.3967662825576492,0.6124634636718269,0.7126187897205554,7.0,0.33761600956330673,0.21082208045924425,0.29702124833146026,0.3934357322222386,0.4563273342100971,0.3669968749392589,0.3312146540512901,0.3652738488816354,0.4692023378801646,0.26783163979869484,7.0,0.430107529903512,0.2044244006632092,0.2446863911412589,0.3914972518214397,0.0400043016192515,0.32809881793817897,0.2885565994975514,0.2775716142403681,0.19928730009955853,0.2116693721821039,7.0,0.2684922392751561,0.15828464923470986,0.30218689614051897,0.2904767713955978,0.13068263065283706,0.21875883130448792,0.23118723884713346,0.1572861220859838,0.32392681508162896,0.2896349117298487,7.0,0.11134491705146576,0.3319261721765263,0.2743054899494925,0.410302159517824,0.4227315301225423,0.3633726967267077,0.21048213350239145,0.3746422232915701,0.5311755559084972,0.17313118535508298,7.0,0.3525871204383426,0.36225588818310506,0.3087571334717152,0.4428879331830211,0.2316014118939771,0.41275827045584057,0.058244759301570685,0.24373938797651265,0.09329380167250356,0.3388631115030254,7.0,0.22274786564014185,0.28533846385997474,0.30074127325443056,0.19880909210538555,0.3755029135555896,0.4418535406371158,0.2944147701291939,0.44357994850497584,0.3238750099355274,0.460297074017957,7.0,0.5253994163451108,0.34194367518335606,0.4085982433275111,0.2103166707108639,0.23557348770463715,0.4121415691171737,0.06565174449234035,0.17199972863338076,0.17921157326775128,0.16188561594750128
24,8.0,0.30759299079422303,-0.13259342745059122,0.2154250957264721,-0.03335088661093266,-0.13259342745059122,-0.07056268593283001,-0.030874576654336794,0.1985119468134089,0.039196721509756616,0.22439772644785785,8.0,0.01802791792589109,0.091592968198295,-0.14354734090990828,-0.11832272287716805,-0.205250447249152,0.2195902960365745,-0.015924600908418296,0.0555732470090593,0.022852143728646857,0.15500314553024966,8.0,0.06226298811498476,0.2612090673552641,0.4652124080470828,0.13354122499926624,0.19661928711954316,0.06862476526507799,0.18712558125944298,0.18663316420860696,0.09996008435269156,0.4024327316066323,8.0,-0.005864478047419963,-0.0743812083970985,0.04145456500156941,0.0038359841279080884,0.1737204703985853,-0.03376561112890408,0.0009675548198451178,0.03551144703640552,-0.011242043309959926,0.1489150944008797,8.0,0.2001692457009845,0.05181078407457673,0.18741537006411435,-0.007674105587650914,-0.10304224842054377,0.03337941371779785,0.14663021154155098,0.03224885545909961,0.37296102203254144,0.07004271529860429,8.0,-0.048245945213331136,0.14405922906258262,-0.045645827037821614,0.14608110946291264,0.1891690110912274,-0.06681041801190579,0.15943684052217402,0.15175681318439027,0.011152369403502949,0.20589359789206815,8.0,0.2001250332745528,-0.02735179508442853,-0.16023046175872147,-0.2315155837179099,0.22454189491423127,-0.06570328745091414,0.034038677106705606,-0.19465655092939405,0.036740922155745086,-0.11815660529081505,8.0,0.0649469667335707,0.09137063559582526,0.0766527683131244,0.1266195169090527,-0.08288279495320107,-0.09345929566509303,0.17113806872753146,0.017671829032487985,-0.03968220505808173,0.22259459818511407,8.0,0.10496933641499796,0.17571457458662287,-0.0076702358970652815,0.245709137367909,-0.03964386656666585,-0.16182303129416387,-0.14604302904937194,0.033736831746407736,-0.172876214898235,0.16323330597732788
25,9.0,0.014580561928396518,0.41120606282939387,-0.005184725475751217,0.4142361079805048,0.41120606282939387,0.2873749857353793,0.04493182161117959,-0.03288411369277977,-0.05183976358887832,0.018862713427443282,9.0,0.2365399802530888,0.18413692982878227,0.36127157982987934,0.3762459857148932,0.18515477116651624,-0.019442476721318717,0.19841570474921166,0.2087603673823646,0.2545520382249613,0.20939939637217764,9.0,0.01106337642095645,0.14635253243021595,-0.055259988970380425,0.16018011887595907,0.11401731304777575,0.14624437849785266,0.28880704611024743,0.29153698809913103,0.1498377588263351,0.1265434855308294,9.0,0.04466287319719542,0.10846429997412033,0.12494812262667088,0.07169751350118593,-0.023770369886327303,0.10529619266378344,0.03372699042170413,0.1351701180894438,0.10071224494481568,0.022727448135361872,9.0,-0.0066963733790492705,0.11488515364341499,0.0765863232368551,0.11035671547173598,0.26098511087834103,0.024135126461261255,-0.0015485466936837609,0.04001077724365909,-0.0974181984203828,0.10454568945756404,9.0,0.0701277426875504,0.10631274961777516,0.022056374608686813,0.053549518858123424,0.09504500474099853,0.09190483334804522,0.07713346215015582,0.09873218506857162,0.06737103150571411,-0.048956908919063125,9.0,0.06899138138386363,0.16846550382597147,0.16231339812973467,0.2488324653434506,-0.01339255491618141,0.20654409591497916,0.12313897061454182,0.2397810586690601,0.020947129918190036,0.12047845458664085,9.0,-0.030895284829434374,0.04390423884859218,0.2397776289349791,-0.13785107369471528,0.18594431293087044,0.10762627980321038,0.260670586709141,0.13069809073661887,0.09625669530837257,-0.04990563893604028,9.0,0.3181834682520797,0.0959082502624935,0.17787901058286004,-0.07721165238592542,0.007369742731874852,0.04427449946022377,0.0835213346893513,0.07195516687241565,0.06692071228158003,0.19974602116167686
26,MDD,,,,,,,,,,,,,,,,,,,,,,,,,,,,,,,,,,,,,,,,,,,,,,,,,,,,,,,,,,,,,,,,,,,,,,,,,,,,,,,,,,,,,,,,,,,,,,,,,,
27,0,,,,,,,,,,,,,,,,,,,,,,,,,,,,,,,,,,,,,,,,,,,,,,,,,,,,,,,,,,,,,,,,,,,,,,,,,,,,,,,,,,,,,,,,,,,,,,,,,,
28,,0.0,1.0,2.0,3.0,4.0,5.0,6.0,7.0,8.0,9.0,,10.0,11.0,12.0,13.0,14.0,15.0,16.0,17.0,18.0,19.0,,20.0,21.0,22.0,23.0,24.0,25.0,26.0,27.0,28.0,29.0,,30.0,31.0,32.0,33.0,34.0,35.0,36.0,37.0,38.0,39.0,,40.0,41.0,42.0,43.0,44.0,45.0,46.0,47.0,48.0,49.0,,50.0,51.0,52.0,53.0,54.0,55.0,56.0,57.0,58.0,59.0,,60.0,61.0,62.0,63.0,64.0,65.0,66.0,67.0,68.0,69.0,,70.0,71.0,72.0,73.0,74.0,75.0,76.0,77.0,78.0,79.0,,80.0,81.0,82.0,83.0,84.0,85.0,86.0,87.0,88.0,89.0
29,0.0,0.024365307392109625,0.045685255693051714,0.0161614299035655,0.06428881772536854,0.045685255693051714,0.04341874014878977,0.01050000026821385,0.016177171363123244,0.018697888983129296,0.03940700736817082,0.0,0.045468387618172734,0.057778249523709024,0.045468387618172734,0.0313888003456434,0.0313888003456434,0.036302977241848285,0.031433903557834715,0.03768327053821485,0.0438800081434253,0.04388000814342519,0.0,0.023868655851523316,0.035673003497954985,0.02090000009759652,0.02638296018404573,0.02897892043389505,0.024496756467426658,0.024299999868330424,0.034972661876393814,0.031388800345643286,0.05513630996621744,0.0,0.028738580658499987,0.028322040817535525,0.03705515041894114,0.02880225248495805,0.008586799532739331,0.019450500319949104,0.025568410082704385,0.04244764166215565,0.040481847440947634,0.025568410082704385,0.0,0.025568410082704385,0.025568410082704385,0.024299999868330424,0.034315923883814214,0.054541719545602614,0.028336463641136955,0.03488670249449022,0.004299999837176549,0.046556060550738236,0.025568410082704385,0.0,0.025568410082704385,0.034987701761909684,0.05694363105994527,0.0323095943513344,0.04095306730780979,0.019999200784978632,0.030238840154806827,0.035102880505122225,0.0313888003456434,0.0359352929080462,0.0,0.0313888003456434,0.04813763459961884,0.051064106270054976,0.06930051757503386,0.027429979564465468,0.07034976972871876,0.037224878624554585,0.06017091802058916,0.058333772146578526,0.04232399172660928,0.0,0.02288242335396884,0.03630297724184817,0.04662677008461746,0.03726993179322924,0.02647142315794637,0.026179595046713192,0.025568410082704385,0.023996306526989808,0.035190492987246864,0.031425333878070116,0.0,0.03296945518701466,0.036302977241848285,0.04549816177011856,0.016161429903565283,0.0209000000975964,0.0313888003456434,0.035743846166936155,0.02597720580730833,0.033277232181496696,0.036599084636803725
30,1.0,0.2349667754216135,0.29787017365981017,0.21920293967971327,0.3128471081863966,0.29787017365981017,0.30008052020519416,0.0785103815174345,0.2963668685716223,0.2157378529819094,0.2704675940816628,1.0,0.4618178507468592,0.35203249281021365,0.3386613574509825,0.1907378751878116,0.1998896568962325,0.24796414481145146,0.23479534294907056,0.377311807713843,0.5134253373339448,0.5171768849714908,1.0,0.28209651862431784,0.2614190073293823,0.3152519487550296,0.4194751188128325,0.35812320862820796,0.3706415148004639,0.3969383327990307,0.37920113588776494,0.3725318944295888,0.3514546581819403,1.0,0.3856672988230355,0.3304229395209332,0.3351242769733822,0.3775417930006426,0.016418563433095112,0.2912007951510455,0.2139278114359756,0.3473781056783428,0.30385183866483123,0.3015000172824165,1.0,0.3158250542191112,0.3150265964642479,0.3122979675569413,0.3280905514793233,0.2480271717706736,0.29728634463081005,0.2288438896610843,0.04768509418754496,0.2860392431705334,0.3352306231090885,1.0,0.19573238800178586,0.473013134058561,0.28108905542504103,0.3560056963250642,0.3540282100240574,0.26768367645463353,0.2920770569662162,0.3356994538026219,0.3585300324709744,0.2442890964763993,1.0,0.3404945620471668,0.381869165129446,0.3436065418918283,0.41388496136361774,0.3048178881787299,0.31020209917334185,0.12196650774984985,0.3413116512215604,0.17448912244253534,0.3165670008403779,1.0,0.22188924087646256,0.31926490537995666,0.32817267610822043,0.2041990780345374,0.3367436770845189,0.3486840666124769,0.3782127113101635,0.4124303255008333,0.274117881547562,0.2510323512739673,1.0,0.4231196141515575,0.3277281507775853,0.3279160349107111,0.19133500581764876,0.22163541482220614,0.3412988600405734,0.1669913068960135,0.3027385643485797,0.24397360341158206,0.3294696169701025
31,2.0,0.033077687590224884,0.03433161832014142,0.03171172982183357,0.05841250540108878,0.03433161832014142,0.045985917974386,0.017606772643975144,0.06127891457275347,0.05302520617086892,0.031711729821833456,2.0,0.07231904640147913,0.04342522196261711,0.05652104365467092,0.03069741820646055,0.03089127856055474,0.031479748265320406,0.04648416326469385,0.05787069411202639,0.08200681606937021,0.06767901721349234,2.0,0.033620131077804816,0.02605570742170693,0.05557170886135654,0.04029464112805814,0.045730824851617065,0.041697899512263985,0.07245507852202049,0.03666545640109165,0.05886230036540908,0.06119880257564736,2.0,0.050263612474258035,0.05779031268043688,0.07101423178069166,0.06880872096472522,0.0073856751462652035,0.052280500283000686,0.049152604013936514,0.05050741959535299,0.0364740904108829,0.06166316427779605,2.0,0.06166316427779605,0.06463288992125182,0.056099473921313085,0.05365102187578885,0.037487917235350166,0.06594868503906083,0.06768365444618107,0.010060981590042428,0.06521396398523838,0.04673029853398236,2.0,0.04814706849059936,0.07990398177530955,0.02286297176476404,0.04154886734464447,0.044999291019002574,0.03211480728807392,0.05745323903067201,0.04001104151654045,0.03289062994371672,0.05363961555751762,2.0,0.04193332487090285,0.06254094885156836,0.043195944921871836,0.05663686996009544,0.030387886092040236,0.05424329149377394,0.02166965408943433,0.046462352278963885,0.06118062509903765,0.03625130453253866,2.0,0.02594656165623377,0.04451124776246018,0.048663210489687136,0.050347023529441766,0.049063601366998943,0.04525298983113224,0.04346396625811788,0.05418254335851569,0.04070561416303475,0.02782848804451299,2.0,0.04926415908526505,0.0607982503209904,0.05316437246329109,0.054274345509228494,0.022041473479105008,0.043022239478434636,0.029196347244938917,0.053392380753113255,0.02920561349884654,0.06817170762775071
32,3.0,0.044135044947978035,0.04803548035900873,0.02813744302178378,0.034550030137303955,0.04803548035900873,0.044135044947978035,0.020253379277675898,0.02855874427930205,0.0305753888273842,0.02482183739770549,3.0,0.03902799453690775,0.04194761566106087,0.04356567811495282,0.029305920208925532,0.028765427699315782,0.029872997200278695,0.041465615959467184,0.043548354586162685,0.032299410667744,0.03158156845024973,3.0,0.04101938909572067,0.024120845853381482,0.0305753888273842,0.029070275071151782,0.032640759896416904,0.04085922230126982,0.03469034223177947,0.035518173244488034,0.039999191042803584,0.04097079376240143,3.0,0.04893133756740442,0.037107587284294086,0.035169247480042354,0.032640759896416904,0.01779245941053309,0.058887141866522226,0.03198404387452314,0.0384930437611628,0.028950773508653938,0.031245846148053258,3.0,0.03624735210384989,0.03193068583270808,0.03124584614805337,0.03048819829165683,0.018348942138645685,0.030575388827384312,0.0305753888273842,0.022928920391683705,0.03013376818229518,0.03193068583270786,3.0,0.023644966654009503,0.07477941696884828,0.02468577455619869,0.041672567034684686,0.04167256703468458,0.036840635973079516,0.0465613640357061,0.04167256703468447,0.03820914996773117,0.05153388728610875,3.0,0.03830397072522085,0.03388806893130625,0.02709999972850041,0.04922009862236743,0.022900152383137033,0.052298530994087884,0.03409174550730909,0.027257814064024832,0.034607038138609984,0.047045891973498837,3.0,0.053207415727472666,0.041299945826993145,0.02709999972850041,0.07352697389423579,0.04369281936682423,0.03303204395037751,0.033001346143706534,0.03979615761560706,0.04120530421304991,0.0270999997285003,3.0,0.03245611840102569,0.03913624538045002,0.046488471265473286,0.033928330021826485,0.022769319968203527,0.030954233696504407,0.014556950932741675,0.038423871631772966,0.06444786227364074,0.03342072274322438
33,4.0,0.017960825877608944,0.018837816588612718,0.025694413011750798,0.014499999775344996,0.018837816588612718,0.010292400592379236,0.0077871215338360935,0.019917094810081196,0.018837816588612718,0.017960825877609166,4.0,0.02169257483718301,0.02057561408677477,0.027748507813964433,0.014499999775344776,0.004993840096811808,0.020575614086774885,0.025396730332701508,0.019905509407240563,0.02057561408677511,0.02300383077266777,4.0,0.02147491564043058,0.013273839839122448,0.013273839839122337,0.01870044988621844,0.024280783277365714,0.024273925455104758,0.013273839839122337,0.023003830772667436,0.021340109036592225,0.03509762763836477,4.0,0.01912080611289213,0.017362935903663224,0.025011266321645742,0.009199999992565822,0.0077871215338359825,0.018164249228550644,0.02172011469749524,0.0078000002946952965,0.018164249228550755,0.014053289568801586,4.0,0.0118592973571926,0.014053289568801476,0.018444683128162498,0.01844468312816261,0.01821934104356437,0.013263900750526079,0.015598262246723116,0.00579235779282139,0.020009445552254927,0.0188378165886125,4.0,0.010488039650247805,0.015239263949865632,0.009200000723159185,0.020296451025834217,0.027546257945990305,0.021623335877907213,0.009816458236803438,0.027546257945990197,0.040017106696293665,0.01856796545101025,4.0,0.01725939987223879,0.014053289568801364,0.01716700056847653,0.022916390213928998,0.02786450866870327,0.020575614086775215,0.015293918512732763,0.026988358999792798,0.010813978967894822,0.013263900750526192,4.0,0.010388960642576994,0.023017393022363164,0.022612366556711398,0.01533868119402859,0.02020836838147133,0.01816219508025552,0.018538121852810674,0.022647739006226297,0.009199999992565822,0.030196583248749964,4.0,0.017653599607811318,0.020575614086775,0.020113327088049804,0.015757931848691786,0.01702339934610964,0.014053289568801364,0.02215746780309391,0.022574134591433204,0.009500000654260043,0.027347310545667414
34,5.0,0.02406892057050813,0.03937618768990103,0.023160655186311163,0.011800000166130364,0.03937618768990103,0.02405884134862546,0.02021342821425509,0.02472359812378666,0.017298357517869678,0.024068920570508467,5.0,0.025630410283382088,0.01689760103095339,0.01818132656995941,0.013241695279008205,0.009772629522587062,0.04091318577560665,0.021046516048895736,0.024986357405393126,0.04091318577560688,0.04091318577560688,5.0,0.01698523612831759,0.024971823253833517,0.020529823685860538,0.019734881577632483,0.01555285005202922,0.01987233096143404,0.01987233096143393,0.024971823253833736,0.04842777492406914,0.025630410283382418,5.0,0.03808778196957352,0.03357765415179925,0.011456016388966315,0.016917170479836985,0.014636929915627928,0.019282335015688767,0.027549571088043238,0.02775623175924113,0.0223773030650275,0.02472359812378655,5.0,0.023160655186311045,0.02472359812378677,0.023160655186311163,0.02472359812378677,0.04009235494484986,0.025270597621055657,0.03468735961739533,0.011289371366132728,0.028018554407189037,0.018693789600740415,5.0,0.01572082917838014,0.013642620964023909,0.0208106000393512,0.026398534169523646,0.024056268629124692,0.014947127598827768,0.013700000117435995,0.01917655016641961,0.013700000117435995,0.026202933608027057,5.0,0.01555285005202922,0.013745181355089842,0.014337241681250943,0.02209795520618696,0.02665390142871737,0.016599999364974805,0.016929439810214553,0.025216865727788917,0.012084190178084264,0.022151463732922868,5.0,0.029611620837930563,0.016599999364974805,0.03357765415179892,0.01587344035318461,0.028019134565847703,0.028019134565847703,0.019597058117572064,0.013700000117436106,0.03280265568486018,0.04091318577560677,5.0,0.01770753766311084,0.03937618768990081,0.022500398822363987,0.013700000117435884,0.011852107635131004,0.04091318577560677,0.014460867311372194,0.013700000117435995,0.01817759756189064,0.027914520195649103
35,6.0,0.11984519937331828,0.2590016431064238,0.14156715823797014,0.2111018168896616,0.2590016431064238,0.16206167129385018,0.050018718035458654,0.16115267874326844,0.15239654084357845,0.22102982322059628,6.0,0.22790666030200435,0.20824115396444096,0.14059902148857484,0.19838201450572435,0.0983385940768824,0.19742989988888796,0.22335628115787887,0.23350601568188625,0.3532207917102612,0.3816629212949543,6.0,0.18841626442833487,0.09512535478315998,0.23582504959074224,0.2293620376275077,0.24685987187498806,0.22340869851585168,0.1674372653599373,0.19414681145927948,0.275068355684902,0.2704314620558553,6.0,0.22776928108100006,0.2587669761932765,0.1791132087959657,0.2476727689521576,0.11368456165952845,0.2645685408101368,0.19100960837699188,0.1804958958714876,0.23081469028737656,0.2173965884545144,6.0,0.2487633247257851,0.16668621303763975,0.2488221813233009,0.22555900457318726,0.16677384980823914,0.21431913671272815,0.23691364827900416,0.13231230363401292,0.2285183674612885,0.2378176529669278,6.0,0.21340174660152025,0.19240494435001695,0.20252727859237676,0.2416862567280471,0.264047389868727,0.23104858045567397,0.1535049129371151,0.2385809126493273,0.2623373808029842,0.2342294848063683,6.0,0.24223595193024186,0.1599217758433512,0.22138514477363005,0.2710885586657697,0.2136342132649094,0.2480816437523379,0.06643552593251545,0.1747362152928671,0.10618746024717418,0.2331133725159001,6.0,0.15112069484417778,0.21243085396336114,0.2550920807031417,0.17399989808638194,0.2729159078180182,0.25912991653993145,0.2415112672545152,0.2763290896245604,0.25011966555680104,0.3316084191948039,6.0,0.2993218400342569,0.24337276358865026,0.2741299951491135,0.1386320987065478,0.07137880678162123,0.1912834189977055,0.08763011812181187,0.1797488123129698,0.12173499320188184,0.15964119510089536
36,7.0,0.007685240243182735,0.011069259897021677,0.007685240243182513,0.02115933080262955,0.011069259897021677,0.011069259897021677,0.011069259897021788,0.01918799819425732,0.02935512506351368,0.007685240243182735,7.0,0.024094002271919827,0.021159330802629658,0.02115933080262977,0.010799999659839354,0.01079999965983913,0.011978440140828606,0.019187998194257427,0.015547953928091275,0.024691834446550983,0.02146407329781641,7.0,0.011069259897021788,0.015157858502218846,0.02702172075774512,0.013239987636126329,0.019187998194257427,0.02204028680110226,0.014369748411316998,0.010200000060204715,0.01554795392809172,0.008876171349859073,7.0,0.00908062046332525,0.019187998194257427,0.013565320307656005,0.017127436908361937,0.01079999965983913,0.013565320307656116,0.02193427154118777,0.017819918279028846,0.015229923462548256,0.01551944836334962,7.0,0.01679878774036081,0.015519448363349841,0.013565320307656005,0.015841860272940878,0.01927769597336826,0.021159330802629658,0.02115933080262944,0.006199999727121375,0.026330638395712147,0.015251907417360044,7.0,0.014136601399232672,0.011855194465242412,0.010799999659839243,0.015554300431187218,0.011393519663841722,0.012575520521283743,0.013739372853245444,0.011393519663841832,0.012575520521283856,0.014567997601313444,7.0,0.011393519663841722,0.015340308803958425,0.01297143979954507,0.01263458907052184,0.011978440140828606,0.012444262271101405,0.019876270648815364,0.02691624550782179,0.008078717775205524,0.0113659397437591,7.0,0.012472450439092396,0.02321489628111006,0.01918799819425732,0.006899999981856309,0.01868815200039486,0.02720878534855531,0.01161493488143961,0.023518998817034675,0.013534525372049577,0.011978440140828606,7.0,0.02614340555334016,0.022128579934488024,0.0209528692557488,0.008484339613289427,0.0,0.0221285799344878,0.015044199849744032,0.013565320307656227,0.02459345508404387,0.01829402414669512
37,8.0,0.01960258168668827,0.13745636315904075,0.06551932765716717,0.0984198257397234,0.13745636315904075,0.1488295139677157,0.04761321026139498,0.07276238354780395,0.061037437011748685,0.033818923535458116,8.0,0.12158882560985053,0.09675849339508537,0.13404707603990804,0.1267434870567017,0.13828593676699208,0.02684568337147375,0.09485729387218332,0.10356423130571013,0.14473969593826908,0.14473969593826908,8.0,0.085707790361496,0.061971869004185824,0.034294338749326185,0.08862261159107543,0.07949370051625826,0.09435878832508804,0.07227760303069031,0.10756533884133124,0.11261035697684575,0.058980158692865985,8.0,0.09822783431582582,0.1103706139955909,0.06579912191440285,0.09583426174945164,0.01971880076988408,0.09662104354664393,0.09488583411482276,0.11288049996579952,0.06589272016834724,0.05044066348209497,8.0,0.04370016203791927,0.059220800831424114,0.03920021810147445,0.08444145766454958,0.08291965936637158,0.0702589725473276,0.059177692674267424,0.036366533811697736,0.0600295357991657,0.08357712061014044,8.0,0.0868998872379777,0.060212509183168124,0.10360851325775544,0.10504117768515253,0.11073061774705772,0.12645729788866167,0.06422313635271915,0.09891905405767687,0.1564585955854313,0.03631378360733117,8.0,0.10607579155962532,0.10353353208172976,0.14583979046980422,0.16645833245010822,0.026876267035309542,0.13736717506459728,0.041636972624304665,0.11894172032065232,0.05522842912288895,0.11928057690735372,8.0,0.0501673975306296,0.09593202999605256,0.09700846781053483,0.031501721720504805,0.10238718743070474,0.0992061463379913,0.09184274500525592,0.12196305013750496,0.1172037424102933,0.05765026361024295,8.0,0.13828593676699208,0.047407444537742593,0.1111309882678616,0.03960557370354178,0.02702783343483661,0.1199158408197022,0.08234026269815331,0.11001933002368193,0.10662183969378336,0.03402208022609976
38,9.0,0.021925037162910718,0.035901604261646014,0.021902120180414264,0.017527391391360614,0.035901604261646014,0.018001604692070683,0.011954224349687624,0.03306581164559441,0.03597002513099101,0.034727149262524404,9.0,0.03764943009835375,0.07288756865773716,0.009382755324240157,0.024590122081018184,0.026434635347830197,0.05255241362873864,0.052847452579322884,0.06669721914710136,0.08798625719710995,0.08798625719710951,9.0,0.05502581110602145,0.045911341517351656,0.0915596683970965,0.050154802409759,0.04429003062370629,0.0643230039299093,0.039372598754212514,0.05278748448090409,0.09560514669031328,0.057744109129753814,9.0,0.059575092339150475,0.06027499236171219,0.03904164978582547,0.05059408582568137,0.026333506472578597,0.06866864755128055,0.07588838752599825,0.04272570861467062,0.04523825086725775,0.07968745320892356,9.0,0.08765574830045197,0.05134576124785928,0.0567651524267363,0.02965411869303891,0.030583336596993638,0.059071784246848336,0.0621667141357386,0.01029506799382296,0.08428173973157005,0.057223245700743434,9.0,0.04956651089468711,0.05362350135351557,0.03335817573469402,0.060431557118042274,0.05291500973014696,0.07706798671335569,0.0518967792743068,0.07659213465749548,0.057076635800736186,0.09046435232411698,9.0,0.07821084745623619,0.041147743655470914,0.0637750150117572,0.06283008043057448,0.04580256990418597,0.030863630930342056,0.023179237267285324,0.03256735115505294,0.014641422625551681,0.09470218173915534,9.0,0.09605359911235034,0.032551773725427835,0.04402011174044584,0.06921280239920935,0.05540639856882712,0.05545087129144721,0.02105135427842653,0.032206172181351016,0.06270747989664427,0.1169512908267839,9.0,0.06708454201149372,0.051667092394073966,0.02782277558566981,0.04121939015667697,0.008099999803648283,0.10074749152329564,0.021041736032306968,0.06530605274769141,0.046401699731466906,0.033545636588845684
39,sharp,,,,,,,,,,,,,,,,,,,,,,,,,,,,,,,,,,,,,,,,,,,,,,,,,,,,,,,,,,,,,,,,,,,,,,,,,,,,,,,,,,,,,,,,,,,,,,,,,,
40,0,,,,,,,,,,,,,,,,,,,,,,,,,,,,,,,,,,,,,,,,,,,,,,,,,,,,,,,,,,,,,,,,,,,,,,,,,,,,,,,,,,,,,,,,,,,,,,,,,,
41,,0.0,1.0,2.0,3.0,4.0,5.0,6.0,7.0,8.0,9.0,,10.0,11.0,12.0,13.0,14.0,15.0,16.0,17.0,18.0,19.0,,20.0,21.0,22.0,23.0,24.0,25.0,26.0,27.0,28.0,29.0,,30.0,31.0,32.0,33.0,34.0,35.0,36.0,37.0,38.0,39.0,,40.0,41.0,42.0,43.0,44.0,45.0,46.0,47.0,48.0,49.0,,50.0,51.0,52.0,53.0,54.0,55.0,56.0,57.0,58.0,59.0,,60.0,61.0,62.0,63.0,64.0,65.0,66.0,67.0,68.0,69.0,,70.0,71.0,72.0,73.0,74.0,75.0,76.0,77.0,78.0,79.0,,80.0,81.0,82.0,83.0,84.0,85.0,86.0,87.0,88.0,89.0
42,0.0,-0.5494758201664789,1.3846737358174261,2.3313520911793644,-1.3819094393807292,1.3846737358174261,-0.256376465773316,0.0487112031454098,2.5654117260142493,2.7325208859022863,0.4685994500989887,0.0,1.0196982813275264,-0.5717951491353005,0.7249817236945896,1.354332179231781,-0.2580881466846976,1.5902267618900316,1.0641092163470875,0.7854332589572722,2.177168318014623,3.253629237462293,0.0,1.8161146048494936,1.2617982988579883,2.1110712043193134,2.8015868653005125,2.5768328402890743,3.3879942584982436,1.8229671983002445,2.800000470967274,2.4061858685562254,-0.03397690057407067,0.0,0.8327784756797885,1.5929726309589214,0.33276660789289186,1.54216811114774,1.6930778992002815,2.4718112865291304,1.9293261374691648,1.8116637167642111,1.6173398745308791,2.4801186791654453,0.0,2.9952274641330217,2.314727124774948,2.2403214672676093,1.6433481564430452,-1.0271539068143734,1.9631769129421928,1.5579988257678044,3.0672858036663566,2.523645723284901,0.6794846044302175,0.0,1.6134178138761637,1.858260364759721,1.2616209456513667,1.4383886777945831,1.0244476410262688,1.7281617706704298,1.076435742563035,0.5265481356417286,2.2305445495411704,1.6202153267132915,0.0,0.946408887192332,0.7051283382560077,0.9627173713578951,-0.6940010698363178,1.8041184629921376,0.4586061480150195,-0.3366631763063998,-1.464944623981544,-0.09432305593247983,1.0767112090310405,0.0,2.1709001095320453,1.0181234778109614,1.6991247329267427,-0.11965202519702745,1.6435731917455416,2.884723524000432,0.9235845326448906,3.228414902945875,1.3018101197138408,3.2730850567764347,0.0,1.369116909867152,0.98802870361382,2.290216816706794,2.7310934168919925,0.4711989345094892,1.3278083875731943,-1.259952086428741,2.9424213039891542,1.2762077843823365,0.6893774847096936
43,1.0,-3.0452322583068803,-3.4584525928845204,-4.654639198317604,-3.5636572928640784,-3.4584525928845204,-4.91503303236282,-1.7886944441424568,-5.730743634852701,-3.75849108683084,-3.2970563476637,1.0,-5.155040110634259,-3.9768726162342034,-4.6137416093879535,-2.168656420620754,-2.3365464744610422,-1.969677155938965,-2.9779252302587844,-5.359473140087966,-5.973057909877328,-5.800985633677056,1.0,-3.802302627732852,-3.1268123422529333,-3.386997594761148,-6.337250234152446,-5.025359687947373,-4.5465024023758165,-4.827406319913707,-4.635189080409653,-3.74016007358294,-4.682658135291871,1.0,-4.940909575692575,-3.6772356836904136,-4.9885115911594875,-5.185768264838032,1.8816147924948767,-4.629439289496059,-2.9661687221466764,-4.325252359163612,-3.7643969608969563,-4.6993952164667645,1.0,-4.9130703934970805,-5.098572301763267,-4.7858212512006295,-3.7986398736366014,-3.002135769468485,-4.10040194480473,-3.688315173550922,-0.1323321809090417,-3.658980942098193,-5.904552505893682,1.0,-3.726510777097947,-6.7484122454598126,-3.7500707789720233,-5.405064739439099,-5.143607612097301,-3.415833358201402,-3.755197643697946,-5.235788905946914,-4.509977619886994,-3.401997988175726,1.0,-4.941445646359877,-5.18591702056184,-5.442400438268491,-5.358160716931726,-3.6104934345322413,-3.372035190555172,-3.011730415587786,-5.356120211478837,-2.8415874023496643,-5.079441469496596,1.0,-4.831058151141744,-3.3017027018606817,-4.214022552869468,-2.686477620496517,-4.82479899075898,-4.945961972538462,-5.347634855803626,-4.871131896941718,-3.3838088860408453,-2.8435109421679963,1.0,-4.991206437537159,-3.901956389721205,-3.2614347063205735,-3.3960804766467394,-3.780471074236426,-4.22953292158231,-2.722202695667881,-4.618342454320385,-4.646235070150143,-4.374194269965895
44,2.0,-0.4479554073818443,1.4279182442314304,-0.3497092966687996,-2.0773941193469425,1.4279182442314304,-1.5822328549044091,-1.7684295021053338,-1.6554793040818716,-1.4957939902102153,0.8088221065260622,2.0,-1.289775585419887,0.13814292254346758,-0.4292386275200068,-1.6154748791219415,-1.9473544107475167,0.8631925862730966,-0.7158663883497419,-0.06520298954298573,0.21310903756703448,0.2731557927838076,2.0,-0.09247926970311728,0.3486517603261196,-0.1075010456272032,-0.2374591608860486,-0.5712414198069852,-0.13674890958124256,-1.136456802986039,0.20837465861051488,0.6553718936528042,-1.8467076897411487,2.0,-0.4897827177654859,-0.1918875940043816,-1.940582960895861,-1.7549017918568657,-0.753566623962152,-0.6912928637119928,0.03679743119259085,0.06921808244348195,-0.4593481423720006,0.5999457319241018,2.0,0.5209749920549902,0.2949931384544032,1.3815485731405,0.059777468918249886,1.1860650710181582,-0.8269281177807077,0.3318847010336782,-0.7381700406006668,-0.3578438795204483,0.4960907834140189,2.0,-1.1678164428642,-2.0892966759651865,-1.2243833762964766,0.3586261285243293,-0.3039683234273782,0.7352979826063429,-2.125261483927501,-0.08392541419417744,0.7556709468313563,0.4322410109931658,2.0,-0.7263923738587751,-2.523680676913849,-0.15248449582068285,-1.7825823640199463,1.3316882781961017,-0.7607918734273262,-2.7506724548291435,-1.3755009146828339,-3.9494203091455966,0.41338205698074704,2.0,1.3696871971423497,-0.5723752093322722,0.24276916639382076,-1.0770506572517629,0.7888078374552517,1.3383759909230133,-0.4129769668049415,-0.12907281439706114,-0.6404672918506866,1.4921402663709982,2.0,-0.4182344821255371,-1.141106686577388,0.7399976485105868,-2.9362187254646392,0.5586140488258223,1.3510060300551805,-1.3270921167727736,-0.8850858674457096,-1.580611008298512,-1.2139710820494074
45,3.0,0.763741974080986,2.3269126633306816,0.5334400326527071,-0.3654476582556892,2.3269126633306816,-0.0224344659593413,-1.1169449802920943,0.3492854627550557,1.0438485588956559,1.9510390491086025,3.0,2.0928105601484006,1.0588148743933272,0.6638954164215234,-0.7523115721852569,-1.0620938384145853,1.7113712116238542,2.437027046304129,0.08541553799167532,2.1726434523944227,2.5773579542412834,3.0,-0.2548834890635928,2.2653711246248487,2.15336627584537,0.8540239641670481,0.9363286877461096,1.4110981455051748,2.2193670994847103,1.4372476634542315,2.4084569441408425,1.2467641942188197,3.0,0.4499691866305551,1.2314236727272971,1.0652731913404558,0.4125761700512449,-0.2033264048867368,0.43789737204115003,2.0586386019708027,1.7436197063187044,0.7404836916142984,2.254627738362045,3.0,1.1995631123167527,2.1636431916720533,2.2195971284364457,1.5998103074287564,2.5549197317539813,1.1183228566593058,3.1177776460031086,0.18855047613753528,2.6192211689543003,0.9890000953930644,3.0,1.7476159971390333,-1.9834635620201175,0.6178332481821631,1.1416398024252816,1.1985844549320164,2.0100849627737825,-1.5344005557278382,1.267201334192605,0.7603747337569233,1.631891831811333,3.0,0.738227897035405,1.0799271610611758,1.4059770238001117,0.056755839406618026,2.7820084710065105,0.8702143906324107,-1.2110694655280818,0.8449617160518621,-2.9400036450457,1.0948890879517177,3.0,0.5981628272201355,0.5749757269480291,2.717218181021151,-1.3322640367302427,0.829079055424356,0.9415287157776762,1.0070302202631014,0.7050149700980751,0.9967522185676309,2.1900866454093744,3.0,1.9024258301790256,1.2291436266183122,1.344824918525748,0.3858875736654953,1.592783616605517,3.6467996553522317,1.8823634718580808,0.3720637011276463,-0.7031630991918406,-0.8243780087483286
46,4.0,1.4577644444217668,2.9224197310006024,0.3993028475097991,2.3083042423058022,2.9224197310006024,2.919246556084058,1.6354916990603128,0.946321512652432,0.9650266967989476,2.027595614895293,4.0,3.908284082476908,3.210683198356038,1.70751416340627,2.9871417666888576,3.277389163699791,1.1776206361301895,2.048685281152581,2.5003682558836964,4.543837116278459,3.857978777384791,4.0,3.3712704716588524,3.0271414058352533,3.0549428311800586,2.4623571083714584,3.2686521345789976,2.3073922734441568,2.9986439342318416,2.137743854928749,3.752977151184732,2.2425831126540494,4.0,2.857826218417653,2.631141711457368,1.8499280188886604,4.590563066386681,2.0184293851427566,2.9753187745271785,3.1351862874471585,4.1386361862416186,3.5659808338667585,4.001709613929067,4.0,4.181504232229712,2.9190969750719313,2.8827488379472053,3.698135354322684,3.349666699540245,3.7800013604839586,4.0224508255867315,2.2679704751582013,4.3893492220991295,3.787266547503612,4.0,3.519003666902744,2.753917528760802,2.4612110498138677,2.8703440109205856,2.7970620218534257,1.347357361791638,2.7203832353524304,2.1921182494998948,2.2018135003201382,2.671805706022325,4.0,2.921433274927653,4.0481046234913975,2.4292674514680184,2.1339257530825466,1.3667986325240726,2.6065954522493286,2.2392646446933706,2.214450947127317,0.2985260550815748,3.5331102820537907,4.0,3.5235222813521725,1.4276065582704558,2.5438407134463703,1.8784673132934069,1.9205066880280093,2.1229592269470032,1.6036403129951218,2.8258466421045934,4.640083849936147,3.2174200997089577,4.0,4.600521731635748,2.187877439209268,4.812519990359045,-0.1068355242140458,0.2422166077721027,3.6747492863276494,1.3312758486769325,1.828659351461693,2.5537885660650788,2.491205796173527
47,5.0,1.1522533567896718,0.5780074471999843,0.2369760005791817,3.3629109152688463,0.5780074471999843,0.9013700651282944,0.5646284337303924,2.1114240541133134,2.7447830840127705,1.4214997170281154,5.0,2.6021725235244544,1.8473485243204932,2.0296368590134493,2.7055854115056066,2.9291616773592986,1.4378181375049282,2.1185406698087634,0.8378250494589778,2.5537412370524555,2.796217486457436,5.0,1.5751591477008962,1.9491288443516968,2.4849885653414483,1.5596615300919394,2.8096408901789682,2.6699204225575386,2.49240346481684,1.0545401529488598,1.243347002930936,2.075407324822604,5.0,0.855415880371335,1.0432901868662738,2.0486081891035086,1.5723346450926574,1.8077906555546288,2.131645832140455,0.5509575092389318,0.5290938367927116,1.7502639963252085,0.5933156054202047,5.0,0.5924467435531712,1.056764932858573,1.1367240507285683,2.0956412804869555,-0.6844540980674335,0.5916122203563778,0.9615940004977978,1.3630007676821823,2.210940510026994,0.9192088995374784,5.0,2.021931662120692,3.3745044347496225,2.0062223835548103,2.496402878669628,3.723085573508016,2.1525969822011075,2.784476569217498,2.9392395799380537,1.68483152271198,1.8063204885870807,5.0,3.8416923761186936,2.4648377101759,1.8900690487866725,2.2624335655916594,0.9019121518550428,2.543073994616838,0.7420897580056169,2.2422231857089407,1.2646564463191714,0.8813497894120079,5.0,-0.21310354367690929,3.2146536560677994,1.1131838080074592,1.5200023620660952,0.8682721555059376,1.4461771352532835,1.119869792732093,2.7623172981631745,1.4404571008456928,1.11407836016919,5.0,2.703013944579313,2.7817170849182187,2.047950107407961,2.0685097214386308,0.6058336936986621,0.6605087231470399,0.7604393570365028,2.8857075337437146,1.1802702298530214,1.5538244047709475
48,6.0,-5.1747064239811404,-6.888789960282715,-5.725000166577157,-6.052903552502046,-6.888789960282715,-6.220962573055563,-3.6774334741349364,-5.284326337834427,-5.348311937044613,-6.771181434699585,6.0,-5.327024944079882,-6.093476363436687,-4.006087976023083,-7.0273679761559285,-6.139952090060983,-5.080589538605175,-6.428132681326638,-6.299863049390418,-8.30621910780242,-9.765574117608676,6.0,-6.914476517865058,-5.587638513675884,-6.930059432198973,-6.162697332927662,-5.835144923134542,-6.897931521799837,-5.340703469905504,-4.774492693733901,-7.452496077454822,-7.4150659657444695,6.0,-5.5775354255361105,-7.071610001731483,-5.149450011857429,-6.609141038692608,-5.071138005958332,-7.789949732029574,-5.994904787231428,-5.320893807366729,-6.194659092135295,-6.4413915240958,6.0,-7.0489991163796,-5.235429782565508,-7.184585896354249,-6.3127442569834455,-3.865872680729415,-5.787558648910638,-6.285990848618913,-5.829116271816018,-6.996536372858911,-7.169746988819027,6.0,-6.56827617019636,-5.855051420727812,-7.062842322767999,-7.427732507001887,-7.8348065965088765,-7.321182875070727,-6.013141167805699,-6.616578965858433,-7.340854983223566,-7.8619191697240485,6.0,-6.681353741108789,-6.044812014322536,-7.03581971011041,-7.345317114539753,-5.4536234347146975,-7.260979051944361,-2.2302461184295312,-5.64988957500662,-4.8671995048645895,-7.913443391931733,6.0,-4.166115869939792,-6.599388931530544,-5.855186720614997,-6.367573167842943,-7.643103699039599,-7.058434303260382,-7.277145026770303,-7.428908466748727,-7.1767996935529,-7.741189942730057,6.0,-7.3410452648747455,-7.222510954579477,-7.840537022844898,-4.904531890523415,-4.313056790160732,-5.728321558274951,-4.918513748561992,-6.3762331173724425,-5.090747710278512,-3.9801664301876793
49,7.0,1.8853618081782413,4.596281761412276,4.515812246969659,2.626257507215421,4.596281761412276,4.081360753141208,1.9848773141466811,3.976796407411864,2.945712183529415,4.896540508390992,7.0,2.8532005848029565,3.197654670594247,3.1910198571927677,4.166327121836251,3.3755397160367355,2.9754045676397296,4.8975580968398775,4.216814146105886,5.3517025554254865,6.124120650464022,7.0,4.533205050380016,3.1370425092473804,3.847626908842016,4.588640972333868,4.923927099097313,4.215580046028985,4.219043576290837,4.462742541239844,4.88109025231691,4.002748420050977,7.0,4.887706312888901,2.374253064987733,3.178187033418973,4.298285091393264,0.44705994984572256,3.8292866552452636,3.766620197523828,3.105963093262568,2.815228393999741,2.976902779514601,7.0,3.3850274439759067,2.4195914466735178,3.948432837832905,3.74551724951289,1.7913893014286788,3.0013220378234324,3.2441900667239723,3.4917972680182405,3.7183351321375526,3.977623697719424,7.0,1.80463583997071,3.894003821388403,4.569928168824443,4.541242601021142,4.6795772207933375,4.884252698771878,3.3231365782229307,4.189007632511123,5.601509362382059,2.9700777304757,7.0,4.178894218695812,4.399259309655542,4.608292481759694,5.181489535380623,3.6545777571242786,5.665773995651978,0.883625038330523,3.0791565647238905,2.0379215662326926,4.352445601002003,7.0,3.2580582856352143,3.447214694939269,3.704611409126748,3.368162464674785,4.371492157040978,4.662185760595404,3.775166907832812,4.9864951009996705,4.075696531835794,5.303526253757552,7.0,5.0840767361648975,4.049184452543987,4.625875478376301,3.433241632979624,3.95230564754964,4.7654955405857615,1.0475242403285416,2.5890677977857415,2.3466423825915856,2.1634275423822364
50,8.0,2.8712803302019045,-1.1062691229830606,1.8852226291252003,-0.37533796162951694,-1.1062691229830606,-0.7431981781105391,-1.0899287574280323,1.5247673049248778,0.20355240923237705,1.7436790982571826,8.0,0.01446802648654031,0.5200275643147342,-1.274311607277323,-1.1638359363670892,-2.5023112493523127,1.9030084555990217,-0.2699949138556805,0.2710096555818076,0.06570535445743476,0.7790627295634093,8.0,0.3408594853424661,2.0799562634242674,3.10368354133154,0.8097524804495169,1.115896346749071,0.3782529884134536,1.2086314935065323,1.0969817768629957,0.5392318105429602,2.3914344981078086,8.0,-0.16032803006240728,-0.6793158011907798,0.18996753233418207,-0.0861196319533657,2.3733919690081993,-0.4725481238663458,-0.12408328081119233,0.13351055247226118,-0.2523292636412936,0.9853451822121132,8.0,1.310764490955734,0.26895909568640003,1.2281301204292487,-0.2188388845695008,-1.0121297485041936,0.11697311771744462,0.8668649297006619,0.11647506860594428,2.4472443282502008,0.38636368036165336,8.0,-0.6183453196113847,0.972354861985674,-0.5759359883717153,0.8228033919431469,1.0499395871498407,-0.6393438550252745,1.2291706640504911,0.8392194724899024,-0.03498781956282656,1.6153833810877969,8.0,1.1713176220268424,-0.5046661703387624,-1.4901710406462654,-1.835875328697367,1.878133800706544,-0.5993378417667966,0.1671376994035509,-1.9326674752633661,0.1817440262549881,-1.0758182629997244,8.0,0.3933001409051611,0.5886937415287483,0.3825938892497625,1.1740248983399322,-0.7352085201978203,-0.8087537855358579,1.0045138434948249,0.016900327812773504,-0.4685920033039042,1.4458150186026113,8.0,0.5424699761764175,1.2065637362288992,-0.15619260930034445,2.168384607775001,-1.0537866009339834,-1.4686463451172471,-2.5327101714030533,0.1200021453434864,-1.965477718170566,1.2140627539307332
51,9.0,-0.2985205917121788,3.0455387154917,-0.8839614545782851,3.313500794187437,3.0455387154917,2.5937433041657414,0.5473729865634881,-1.1836944634744566,-1.5504288237732209,-0.13605634803773844,9.0,1.832819895871636,1.313000362480355,3.1216192606996582,3.1554468646206844,1.7828407097124657,-0.7103842934053877,1.5382139921578313,1.5148241691689746,1.638849857896083,1.346239184645356,9.0,-0.1449027780093069,1.309491100044939,-0.9712584583120188,1.2271595655109413,0.92721397676059,1.1314914939862724,2.427263555683062,2.1905532170558444,1.0215253339172512,1.100280298261502,9.0,0.2318965092385463,0.7759719576538804,1.2043590004033102,0.5147176639574841,-1.8134171365008929,0.8087889746733781,0.1248710682117868,1.1195100001375118,0.8005589625811513,0.010172013863947222,9.0,-0.2847181656390141,0.9908503143928304,0.5837251746429802,0.8879252248209424,2.344524207121089,0.024089277477134567,-0.273649364701446,0.4491727503313813,-1.24012066101033,0.9262582357317986,9.0,0.4997839771094147,0.7877441377898325,-0.02316245588224249,0.3511820749963772,0.7908697658994591,0.6371785012642924,0.5680566722742999,0.7307918035629408,0.446261036119159,-1.0656192832585123,9.0,0.4551094936595407,1.457538674823609,1.3322777330451727,1.7449648010296015,-0.7771488731640485,1.734286446948783,1.5061378821043476,1.9748509824830285,-0.1430313875682439,0.8514893641785868,9.0,-0.6166299117543327,0.2465044808471692,2.0741951165099337,-2.7161889104819514,1.415874142116378,0.7887900788760529,2.0247263300306817,1.0513988094628204,0.6897127870093854,-0.7446712063928929,9.0,2.1355994965054568,0.8909614784169565,1.4292623480356346,-3.2805818364221477,-0.7066544238024066,0.2129018096987007,1.1547304086258994,0.4860079918219442,0.4692893776551654,1.9374368682995295
52,Vct,,,,,,,,,,,,,,,,,,,,,,,,,,,,,,,,,,,,,,,,,,,,,,,,,,,,,,,,,,,,,,,,,,,,,,,,,,,,,,,,,,,,,,,,,,,,,,,,,,
53,0,,,,,,,,,,,,,,,,,,,,,,,,,,,,,,,,,,,,,,,,,,,,,,,,,,,,,,,,,,,,,,,,,,,,,,,,,,,,,,,,,,,,,,,,,,,,,,,,,,
54,,0.0,1.0,2.0,3.0,4.0,5.0,6.0,7.0,8.0,9.0,,10.0,11.0,12.0,13.0,14.0,15.0,16.0,17.0,18.0,19.0,,20.0,21.0,22.0,23.0,24.0,25.0,26.0,27.0,28.0,29.0,,30.0,31.0,32.0,33.0,34.0,35.0,36.0,37.0,38.0,39.0,,40.0,41.0,42.0,43.0,44.0,45.0,46.0,47.0,48.0,49.0,,50.0,51.0,52.0,53.0,54.0,55.0,56.0,57.0,58.0,59.0,,60.0,61.0,62.0,63.0,64.0,65.0,66.0,67.0,68.0,69.0,,70.0,71.0,72.0,73.0,74.0,75.0,76.0,77.0,78.0,79.0,,80.0,81.0,82.0,83.0,84.0,85.0,86.0,87.0,88.0,89.0
55,0.0,0.011111111111111113,0.3,0.012048192771084338,0.10144927536231883,0.3,0.012987012987012988,0.0,0.06756756756756757,0.09090909090909093,0.05797101449275361,0.0,0.6885245901639344,0.16129032258064516,0.15492957746478872,0.0,0.0,0.06944444444444445,0.16129032258064516,0.1875,0.12222222222222222,0.1111111111111111,0.0,0.0,0.0,0.42105263157894735,0.2413793103448276,0.5573770491803278,0.3157894736842105,0.1935483870967742,0.18032786885245905,0.6206896551724138,0.2280701754385965,0.0,0.3559322033898305,0.22033898305084745,0.19047619047619047,0.5,0.0,0.3157894736842105,0.19298245614035087,0.3275862068965517,0.2222222222222222,0.265625,0.0,0.2833333333333333,0.24242424242424246,0.1746031746031746,0.25,0.2903225806451613,0.2222222222222222,0.2380952380952381,0.0,0.42857142857142855,0.3898305084745763,0.0,0.1111111111111111,0.15625,0.0136986301369863,0.42105263157894735,0.6785714285714286,0.16129032258064516,0.012195121951219513,0.25862068965517243,0.3728813559322034,0.1111111111111111,0.0,0.21052631578947367,0.10144927536231883,0.11940298507462685,0.45,0.13636363636363635,0.07936507936507936,0.0,0.0958904109589041,0.04301075268817205,0.15873015873015872,0.0,0.1232876712328767,0.14925373134328354,0.532258064516129,0.12195121951219512,0.2241379310344828,0.20689655172413796,0.19672131147540986,0.6101694915254238,0.2711864406779661,0.3424657534246575,0.0,0.060606060606060615,0.14035087719298245,0.5666666666666667,0.03571428571428571,0.0,0.06451612903225806,0.043478260869565216,0.08450704225352113,0.075,0.1875
56,1.0,0.2333333333333333,0.7,0.3373493975903614,0.6086956521739131,0.7,0.4415584415584416,0.1326530612244898,0.5,0.4415584415584416,0.6086956521739131,1.0,0.14754098360655735,0.6451612903225806,0.5492957746478874,0.4230769230769231,0.2065217391304348,0.5416666666666666,0.6935483870967742,0.609375,0.14444444444444446,0.18888888888888888,1.0,0.48,0.32142857142857145,0.6842105263157895,0.7413793103448276,0.11475409836065575,0.7192982456140351,0.6290322580645161,0.6557377049180327,0.6206896551724138,0.7719298245614035,1.0,0.6949152542372882,0.7796610169491526,0.6349206349206349,0.6206896551724138,0.15625,0.7543859649122807,0.7894736842105263,0.603448275862069,0.6031746031746031,0.578125,1.0,0.6666666666666666,0.6060606060606061,0.6349206349206349,0.7,0.5,0.6349206349206349,0.6507936507936508,0.2333333333333333,0.9285714285714286,0.4576271186440678,1.0,0.5277777777777778,0.640625,0.5205479452054794,0.456140350877193,0.3035714285714285,0.6612903225806451,0.35365853658536583,0.5517241379310345,0.6610169491525424,0.5555555555555556,1.0,0.631578947368421,0.6086956521739131,0.6567164179104478,0.7333333333333333,0.5303030303030303,0.7142857142857143,0.26136363636363635,0.5068493150684932,0.1935483870967742,0.6507936507936508,1.0,0.5068493150684932,0.6268656716417911,0.2903225806451613,0.3414634146341464,0.7758620689655172,0.8103448275862069,0.6065573770491803,0.3389830508474576,0.6271186440677966,0.136986301369863,1.0,0.6515151515151515,0.7017543859649122,0.36666666666666653,0.32142857142857145,0.15625,0.6774193548387096,0.18478260869565216,0.5492957746478874,0.375,0.453125
57,2.0,0.14444444444444446,0.5333333333333333,0.18072289156626506,0.14492753623188406,0.5333333333333333,0.2207792207792208,0.020408163265306117,0.2297297297297297,0.16883116883116886,0.2318840579710145,2.0,0.5409836065573771,0.2258064516129032,0.16901408450704225,0.14102564102564102,0.09782608695652174,0.2222222222222222,0.2903225806451613,0.25,0.08888888888888889,0.12222222222222222,2.0,0.21333333333333332,0.2261904761904762,0.5789473684210527,0.3965517241379311,0.459016393442623,0.3333333333333333,0.3548387096774194,0.2786885245901639,0.6379310344827587,0.43859649122807015,2.0,0.4745762711864407,0.3728813559322034,0.3015873015873016,0.4655172413793103,0.03125,0.3684210526315789,0.3684210526315789,0.27586206896551724,0.3333333333333333,0.328125,2.0,0.43333333333333335,0.3636363636363637,0.3809523809523809,0.36666666666666653,0.3870967741935484,0.3492063492063492,0.3333333333333333,0.08888888888888889,0.5178571428571429,0.3559322033898305,2.0,0.2361111111111111,0.25,0.3150684931506849,0.3333333333333333,0.44642857142857145,0.3064516129032258,0.2195121951219512,0.3275862068965517,0.4406779661016949,0.4603174603174603,2.0,0.2982456140350877,0.18840579710144928,0.22388059701492535,0.5333333333333333,0.2727272727272727,0.19047619047619047,0.10227272727272728,0.2191780821917808,0.07526881720430108,0.2857142857142857,2.0,0.2465753424657534,0.2835820895522388,0.3870967741935484,0.18292682926829268,0.3793103448275862,0.4310344827586207,0.3606557377049181,0.4406779661016949,0.4406779661016949,0.2328767123287671,2.0,0.2575757575757576,0.2807017543859649,0.38333333333333336,0.2380952380952381,0.125,0.3225806451612903,0.14130434782608695,0.18309859154929575,0.1375,0.296875
58,3.0,0.04444444444444445,0.4,0.04819277108433735,0.08695652173913042,0.4,0.05194805194805195,0.0,0.06756756756756757,0.06493506493506493,0.07246376811594203,3.0,0.7377049180327869,0.14516129032258066,0.15492957746478872,0.0,0.0,0.1388888888888889,0.16129032258064516,0.140625,0.08888888888888889,0.12222222222222222,3.0,0.013333333333333334,0.023809523809523808,0.3333333333333333,0.27586206896551724,0.5573770491803278,0.2807017543859649,0.2419354838709677,0.21311475409836064,0.5344827586206896,0.3157894736842105,3.0,0.3728813559322034,0.2711864406779661,0.2222222222222222,0.4310344827586207,0.0,0.4035087719298245,0.2456140350877193,0.4137931034482759,0.1746031746031746,0.171875,3.0,0.2833333333333333,0.16666666666666666,0.1746031746031746,0.3,0.27419354838709675,0.14285714285714285,0.2857142857142857,0.0,0.4107142857142857,0.3898305084745763,3.0,0.06944444444444445,0.078125,0.0547945205479452,0.5789473684210527,0.6785714285714286,0.2258064516129032,0.024390243902439025,0.4310344827586207,0.288135593220339,0.3333333333333333,3.0,0.3508771929824561,0.07246376811594203,0.16417910447761194,0.35,0.30303030303030304,0.1111111111111111,0.05681818181818181,0.1095890410958904,0.053763440860215055,0.09523809523809523,3.0,0.0821917808219178,0.08955223880597014,0.5161290322580645,0.13414634146341464,0.2241379310344828,0.29310344827586204,0.2786885245901639,0.559322033898305,0.3220338983050847,0.3835616438356164,3.0,0.030303030303030307,0.19298245614035087,0.5333333333333333,0.07142857142857142,0.010416666666666666,0.14516129032258066,0.07608695652173914,0.11267605633802814,0.1,0.265625
59,4.0,0.0,0.21666666666666667,0.0,0.0,0.21666666666666667,0.0,0.0,0.0,0.0,0.0,4.0,0.6557377049180327,0.03225806451612903,0.014084507042253518,0.0,0.0,0.05555555555555555,0.04838709677419355,0.0625,0.1,0.04444444444444445,4.0,0.0,0.0,0.456140350877193,0.08620689655172414,0.7049180327868853,0.12280701754385966,0.14516129032258066,0.11475409836065575,0.5862068965517241,0.14035087719298245,4.0,0.2033898305084746,0.1694915254237288,0.14285714285714285,0.5,0.0,0.21052631578947367,0.12280701754385966,0.20689655172413796,0.12698412698412698,0.171875,4.0,0.18333333333333326,0.13636363636363635,0.1111111111111111,0.25,0.20967741935483872,0.1111111111111111,0.14285714285714285,0.0,0.35714285714285715,0.23728813559322035,4.0,0.013888888888888888,0.046875,0.0,0.42105263157894735,0.6785714285714286,0.06451612903225806,0.0,0.3620689655172414,0.22033898305084745,0.2222222222222222,4.0,0.3333333333333333,0.0,0.0,0.25,0.21212121212121213,0.0,0.0,0.0273972602739726,0.0,0.14285714285714285,4.0,0.0684931506849315,0.0,0.41935483870967744,0.08536585365853659,0.1206896551724138,0.15517241379310345,0.16393442622950818,0.6440677966101694,0.2033898305084746,0.3013698630136986,4.0,0.015151515151515154,0.017543859649122806,0.6,0.0,0.0,0.0,0.03260869565217391,0.028169014084507043,0.0125,0.28125
60,5.0,0.0,0.26666666666666666,0.012048192771084338,0.0,0.26666666666666666,0.0,0.0,0.013513513513513514,0.012987012987012988,0.0,5.0,0.6557377049180327,0.0967741935483871,0.04225352112676056,0.0,0.0,0.06944444444444445,0.016129032258064516,0.078125,0.08888888888888889,0.04444444444444445,5.0,0.0,0.0,0.3508771929824561,0.06896551724137931,0.7049180327868853,0.2982456140350877,0.1129032258064516,0.06557377049180327,0.4827586206896552,0.07017543859649122,5.0,0.2033898305084746,0.22033898305084745,0.047619047619047616,0.20689655172413796,0.0,0.2807017543859649,0.12280701754385966,0.3620689655172414,0.09523809523809523,0.0625,5.0,0.15,0.045454545454545456,0.07936507936507936,0.21666666666666667,0.20967741935483872,0.047619047619047616,0.06349206349206349,0.0,0.32142857142857145,0.3389830508474576,5.0,0.04166666666666666,0.046875,0.0,0.5964912280701754,0.6964285714285714,0.1129032258064516,0.0,0.3793103448275862,0.3389830508474576,0.14285714285714285,5.0,0.3157894736842105,0.028985507246376805,0.059701492537313425,0.25,0.24242424242424246,0.031746031746031744,0.022727272727272728,0.0273972602739726,0.010752688172043013,0.047619047619047616,5.0,0.0410958904109589,0.059701492537313425,0.5,0.03658536585365853,0.10344827586206896,0.20689655172413796,0.19672131147540986,0.6101694915254238,0.13559322033898305,0.3972602739726027,5.0,0.015151515151515154,0.07017543859649122,0.6166666666666667,0.0,0.0,0.03225806451612903,0.010869565217391304,0.056338028169014086,0.05,0.1875
61,6.0,0.2333333333333333,0.6833333333333333,0.3373493975903614,0.6086956521739131,0.6833333333333333,0.4415584415584416,0.1326530612244898,0.5,0.4415584415584416,0.6086956521739131,6.0,0.13114754098360654,0.7903225806451613,0.5211267605633803,0.4230769230769231,0.2065217391304348,0.5277777777777778,0.7741935483870968,0.71875,0.17777777777777778,0.18888888888888888,6.0,0.48,0.32142857142857145,0.6140350877192983,0.8793103448275862,0.049180327868852465,0.8245614035087719,0.7741935483870968,0.7704918032786885,0.3793103448275862,0.9473684210526316,6.0,0.8305084745762712,0.8644067796610171,0.7460317460317459,0.6206896551724138,0.15625,0.8070175438596491,0.912280701754386,0.7758620689655172,0.7301587301587301,0.6875,6.0,0.7833333333333333,0.6515151515151515,0.7301587301587301,0.8,0.6774193548387096,0.7619047619047619,0.7619047619047619,0.2333333333333333,0.8214285714285714,0.6271186440677966,6.0,0.5138888888888888,0.71875,0.5205479452054794,0.43859649122807015,0.21428571428571427,0.7096774193548387,0.35365853658536583,0.6551724137931034,0.6610169491525424,0.6349206349206349,6.0,0.7368421052631579,0.6086956521739131,0.6417910447761194,0.6166666666666667,0.5303030303030303,0.7619047619047619,0.26136363636363635,0.5205479452054794,0.1935483870967742,0.7460317460317459,6.0,0.5205479452054794,0.6417910447761194,0.2419354838709677,0.3414634146341464,0.8793103448275862,0.8965517241379308,0.6885245901639344,0.11864406779661014,0.8305084745762712,0.1095890410958904,6.0,0.6666666666666666,0.9473684210526316,0.16666666666666666,0.32142857142857145,0.15625,0.7903225806451613,0.18478260869565216,0.5352112676056338,0.3875,0.515625
62,7.0,0.0,0.26666666666666666,0.012048192771084338,0.0,0.26666666666666666,0.0,0.0,0.013513513513513514,0.012987012987012988,0.0,7.0,0.7049180327868853,0.04838709677419355,0.056338028169014086,0.0,0.0,0.027777777777777776,0.03225806451612903,0.03125,0.07777777777777778,0.06666666666666668,7.0,0.0,0.0,0.3684210526315789,0.13793103448275862,0.6885245901639344,0.2280701754385965,0.12903225806451613,0.14754098360655735,0.5172413793103449,0.10526315789473684,7.0,0.1864406779661017,0.13559322033898305,0.06349206349206349,0.3620689655172414,0.0,0.19298245614035087,0.10526315789473684,0.1896551724137931,0.07936507936507936,0.140625,7.0,0.16666666666666666,0.10606060606060606,0.1111111111111111,0.2,0.1935483870967742,0.07936507936507936,0.07936507936507936,0.0,0.19642857142857145,0.288135593220339,7.0,0.027777777777777776,0.015625,0.0,0.5263157894736842,0.7857142857142857,0.14516129032258066,0.0,0.4310344827586207,0.3389830508474576,0.20634920634920634,7.0,0.3333333333333333,0.014492753623188406,0.059701492537313425,0.2333333333333333,0.2272727272727273,0.015873015873015872,0.011363636363636364,0.0136986301369863,0.04301075268817205,0.015873015873015872,7.0,0.0273972602739726,0.059701492537313425,0.5161290322580645,0.03658536585365853,0.06896551724137931,0.13793103448275862,0.21311475409836064,0.7118644067796609,0.1694915254237288,0.3698630136986301,7.0,0.015151515151515154,0.0,0.4833333333333333,0.0,0.0,0.016129032258064516,0.021739130434782608,0.056338028169014086,0.025,0.28125
63,8.0,0.03333333333333333,0.43333333333333335,0.0963855421686747,0.3043478260869565,0.43333333333333335,0.18181818181818185,0.09183673469387756,0.21621621621621626,0.2077922077922078,0.2898550724637681,8.0,0.3442622950819672,0.20967741935483872,0.28169014084507044,0.14102564102564102,0.07608695652173914,0.20833333333333331,0.3387096774193548,0.21875,0.14444444444444446,0.1,8.0,0.14666666666666667,0.07142857142857142,0.4912280701754386,0.3103448275862069,0.5409836065573771,0.43859649122807015,0.3064516129032258,0.2786885245901639,0.3965517241379311,0.3333333333333333,8.0,0.3050847457627119,0.3220338983050847,0.3333333333333333,0.25862068965517243,0.0625,0.3157894736842105,0.4035087719298245,0.3965517241379311,0.2698412698412698,0.296875,8.0,0.3,0.3181818181818182,0.3015873015873016,0.4,0.3387096774193548,0.2857142857142857,0.31746031746031744,0.1111111111111111,0.5357142857142857,0.4067796610169492,8.0,0.3055555555555556,0.265625,0.2328767123287671,0.5614035087719298,0.6607142857142857,0.3225806451612903,0.13414634146341464,0.3793103448275862,0.4576271186440678,0.3968253968253968,8.0,0.42105263157894735,0.3043478260869565,0.2388059701492537,0.36666666666666653,0.3939393939393939,0.2857142857142857,0.07954545454545454,0.1917808219178082,0.021505376344086027,0.2857142857142857,8.0,0.2328767123287671,0.26865671641791045,0.41935483870967744,0.12195121951219512,0.2241379310344828,0.27586206896551724,0.3442622950819672,0.5254237288135594,0.3050847457627119,0.273972602739726,8.0,0.21212121212121213,0.19298245614035087,0.5166666666666667,0.11904761904761905,0.03125,0.20967741935483872,0.06521739130434782,0.2676056338028169,0.1,0.390625
64,9.0,0.07777777777777778,0.5666666666666667,0.07228915662650602,0.2318840579710145,0.5666666666666667,0.2077922077922078,0.010204081632653059,0.16216216216216214,0.1948051948051948,0.2463768115942029,9.0,0.3770491803278688,0.41935483870967744,0.19718309859154928,0.0641025641025641,0.03260869565217391,0.3194444444444444,0.1935483870967742,0.296875,0.07777777777777778,0.05555555555555555,9.0,0.22666666666666666,0.11904761904761905,0.5087719298245614,0.3448275862068966,0.4754098360655738,0.3684210526315789,0.3548387096774194,0.29508196721311475,0.5,0.3684210526315789,9.0,0.3728813559322034,0.3728813559322034,0.2222222222222222,0.4482758620689655,0.010416666666666666,0.3508771929824561,0.3684210526315789,0.3275862068965517,0.3015873015873016,0.296875,9.0,0.35,0.21212121212121213,0.2380952380952381,0.35,0.3709677419354839,0.3492063492063492,0.3492063492063492,0.011111111111111113,0.44642857142857145,0.3050847457627119,9.0,0.2222222222222222,0.25,0.2191780821917808,0.4912280701754386,0.5178571428571429,0.3548387096774194,0.18292682926829268,0.4310344827586207,0.5254237288135594,0.42857142857142855,9.0,0.4035087719298245,0.2608695652173913,0.20895522388059698,0.5,0.3181818181818182,0.2698412698412698,0.05681818181818181,0.2191780821917808,0.053763440860215055,0.2857142857142857,9.0,0.2328767123287671,0.2537313432835821,0.3387096774193548,0.17073170731707318,0.4137931034482759,0.4310344827586207,0.4754098360655738,0.3728813559322034,0.3728813559322034,0.2054794520547945,9.0,0.2727272727272727,0.3333333333333333,0.43333333333333335,0.08333333333333333,0.03125,0.3225806451612903,0.10869565217391304,0.29577464788732394,0.1625,0.390625
