date,kqzs,gyzjz,gyzjz_qgy,gyzjz_zgy,gyzjz_cky,gyzjz_zzy,gyzjz_gy,gyzjz_jt,gyzjz_gfhz,gyzjz_gf,gyzjz_ws,gyzjz_sy,chanliang_ym,chanliang_jt,chanliang_fdl,chanliang_trq,chanliang_gc,chanliang_tc,chanliang_xny,chanliang_cd,chanliang_kt,chanliang_bx,chanliang_xyj,pmi,pmi_sc,pmi_xdd,pmi_xckdd,pmi_zsdd,pmi_ccpkc,pmi_cgl,pmi_jk,pmi_ccjg,pmi_ycljg,pmi__yclkc,pmi_cyry,pmi_pssj,pmi_yq,cpi,cpi_sp,cpi_fsp,cpi_hx,cpi_xfp,cpi_fw,ppi_gyp,rpi,M1,M2,gbcs,gdzc,gdzc_xz,gdzc_fdc,gdzc_1,gdzc_2,gdzc_3,gdzc_zyxm,gdzc_dfxm,jckje,ckje,yhjshce,shxfplsze,zqfxl_gz,shrzgm,jqzs_yj,jqzs_yz,jqzs_xx,jqzs_zh
,y,y,y,y,y,y,y,y,y,y,y,y,y,y,y,y,y,y,y,y,y,y,y,y,y,y,y,y,y,y,y,y,y,y,y,y,y,y,y,y,y,y,y,y,y,y,y,y,y,y,y,y,y,y,y,y,y,y,y,y,y,y,y,y,y,y
2010/1/31,,29.2,,,,,,,,,,,51.4945,29.828,36.4625,13.2326,37.7091,74.6516,,104.1601,94.2732,80.8772,73.7015,55.8,60.5,59.9,53.2,49.9,47.3,60.5,53.4,,68.5,52.2,50.6,51,,1.5,3.7,0.5,,2,0.2,4.32,1.8,38.96,25.98,4.38,,,,,,,,,44.53,21,368.0889,14,260,20550,116.7,103.2,105.3,95.1
2010/2/28,26.2043,12.8,7.5,15.2,,,13.3,7.1,7.1,13.9,12.1,15.2,11.9,17.3,7.9,12.1866,18.1,3.3,,31.7,-9.5,21.1,22.7,52,54.3,53.7,50.3,47.1,47.3,51.9,49.1,,61.1,48.1,49.9,49.7,,2.7,6.2,1,,3,1.7,5.39,2.5,34.99,25.52,4.17,26.6,56.5,24.2,0.9,38.9,60.2,9.4,90.6,45.36,45.63,199.6808,22.1,500,10877,118,104,105.9,95.5
2010/3/31,29.0232,18.1,13.4,20,,,18.2,13,10.2,19.3,16.3,21.5,23.8,23.7,17.6,16.1023,28.1,8,,6.1,24.4,8.6,28.7,55.1,58.4,58.1,54.5,52,48.3,58.1,53.7,,65.1,50.6,52.9,50.5,,2.4,5.2,1,,2.7,1.3,5.91,2.3,29.94,22.5,4.35,26.4,66.9,22.1,1.2,41.8,57,7.7,92.3,42.86,24.21,288.638,18,1040,13830,123.3,104,105.2,96.8
2010/4/30,29.0786,17.8,14.1,19.4,,,17.6,12,12.6,19.1,16.8,21,16.7934,31.5,21.4,11.9209,31.5,22.2,,-10.4,27.5,29.7,34.4,55.7,59.1,59.3,54.5,53.4,46.2,60.1,53.1,,72.6,51.5,53.2,51.1,,2.8,5.9,1.3,,3.2,1.6,6.81,2.8,31.25,21.48,4.47,26.1,48.4,21.2,1.5,41.6,56.9,8.2,91.8,39.43,30.38,412.4565,18.5,1582.9,14919,119.3,103.8,104.8,97.2
2010/5/31,27.5801,16.5,13.6,17.8,,,16.8,10.4,16.1,18.3,14.7,19.6,13.3915,20.5,18.9,8.5927,23.6,11.6,,8.7,69.9,30.5,30.9,53.9,58.2,54.8,53.8,49.7,49.8,56,50.9,,58.9,51,52.1,50.9,,3.1,6.1,1.6,,3.4,1.8,7.13,3.1,29.9,21,4.51,25.9,45.9,20.7,1.6,41.9,56.6,8,92,48.37,48.44,177.9711,18.66,1462.8,10805,112.7,103.3,103.8,97.3
2010/6/30,22.1956,13.7,12,14.5,,,13.3,5.3,10.1,14.5,13,16.7,3.6,6.4,11.4,6.0062,15.9,11.2,,-0.1,47.3,23.5,24.1,52.1,55.8,52.1,51.7,47.4,51.3,53.5,50.4,,51.3,49.4,50.6,50,,2.9,5.7,1.6,,3.2,2.1,6.41,2.7,24.56,18.46,4.37,25.5,39.3,20.1,1.7,42.3,55.9,7.6,92.4,39.09,43.87,129.9013,18.3,1412.1,10196,109.3,102.6,103.2,97.6
2010/7/31,21.1972,13.4,13.5,13.3,,,11.4,5.2,11.7,14,13,16.9,13.9,-1.3,11.5,3.1972,9.7,12.5,,-11.8,45.6,20,45.4,51.2,52.7,50.9,51.2,46.8,49.9,52.2,49.3,,50.4,47.8,52.2,49.9,,3.3,6.8,1.6,,3.6,2.3,4.84,2.8,22.9,17.6,4.37,24.9,34.2,19.9,1.7,42.4,55.8,7.7,92.3,30.81,37.99,217.1607,17.9,1561.7,7202,105.3,102.1,102.9,97.6
2010/8/31,19.79,13.9,13.1,14.2,,,11.7,8.1,12.5,14.7,13.4,18.4,10.4,0.2,12.6,8.4542,11.5,8.9,,-10.7,34.8,22.4,26.5,51.7,53.1,53.1,52.2,48.2,46.9,51.9,48.4,,60.5,47.3,51.7,50.7,,3.5,7.5,1.5,,3.8,2.4,4.32,3,21.9,19.2,4.45,24.8,31.6,20.1,1.7,42,56.3,7.9,92.1,34.81,34.32,311.5243,18.4,1726.6,10646,102.7,101.8,102.4,97.7
2010/9/30,15.6139,13.3,13,13.4,,,11,8.7,15.8,14.2,12,17.3,9.8,-0.8,8.1,8.7213,4.5,0,,-2.6,42,29.7,12.6,53.8,56.4,56.3,52.7,50.9,45,56.2,52.9,,65.3,49.1,52.4,50.4,,3.6,8,1.4,,4,2.5,4.33,3,20.87,18.96,4.32,24.5,29.5,20.2,1.7,42,56.4,7.8,92.2,24.75,25.08,375.3983,18.84,1068,11224,106.7,101.9,102.5,98.1
2010/10/31,15.938,13.1,12.9,13.2,,,10.6,7.9,15.8,14.3,11.2,17,17.1,1.4,5.9,9.4355,4.1,7.6,,-4.4,42.2,30.8,15.2,54.7,57.1,58.2,52.6,50.2,45.7,58.3,52.8,,69.9,49.5,52.1,49.3,,4.4,10.1,1.6,,5,2.5,5.04,3.9,22.1,19.3,4.21,24.4,28.9,20.3,1.7,42,56.4,7.9,92.1,24.07,22.84,582.9813,18.64,1427,8608,106.7,102.4,102.3,98.6
2010/11/30,14.2309,13.3,12.7,13.6,,,10.9,10.8,13.3,14.4,11.7,17.3,21.4,0.5,5.6,5.8321,4.6,9.8,,-2.7,33.6,29,23.7,55.2,58.5,58.3,53.2,50.5,47.7,57.4,50.6,,73.5,49.7,52,48.9,,5.1,11.7,1.9,,5.9,2.6,6.06,4.7,22.1,19.5,4.14,24.9,28.5,20.3,1.6,42,56.3,8,92,36.44,34.86,439.2752,18.7,1364,10554,106.7,102.8,102,99.3
2010/12/31,,13.5,13,13.7,,,9.8,7.9,14.1,15,11.4,18.6,,-2.3,5.1,18.2678,3.5,2.7,,-2.9,48.4,11.1,12.3,53.9,57.5,55.4,53.5,50.7,48.7,56.8,50.4,,66.7,50.8,51.5,49.6,,4.6,9.6,2.1,,5.1,2.8,5.93,4.1,21.19,19.72,3.92,24.5,18.8,20,1.6,41.9,56.5,9.4,90.6,21.6,17.87,526.1046,19.1,1176.8,10780,109.3,103.6,101.5,101.2
2011/1/31,,13.3,,,,,,,,,,,8.0609,-6.674,8.7249,15.3908,11.971,11.8577,,-13.5709,57.8439,25.3349,9.0598,52.9,55.3,54.9,50.7,46.5,47.9,57.7,53,,69.3,52,49,49.5,,4.9,10.3,2.6,,5,4.6,6.6,3.7,13.6,17.2,3.78,,,,,,,,,44.19,37.64,635.8996,19.9,900,17560,105.3,102.8,101.2,101.2
2011/2/28,14.6636,14.9,13.1,15.6,,,10.5,11.7,27.7,16.5,12.2,21.7,20.1,12.9,15.4,14.7682,17.4,19.2,,-8.5,51.1,4.2,3.3,52.2,53.8,54.3,50.9,46.6,46.4,54.5,53.9,,70.1,49.5,48.9,48.2,,4.944,11,2.3,,5.4,3.8,7.23,4.3,14.5,15.7,3.85,24.9,15.3,24.4,1.2,41,57.8,7.9,92.1,10.82,2.35,251.6531,11.6,580,6468,105.3,103,101.4,102.2
2011/3/31,14.1454,14.8,12.8,15.6,,,12.9,8.9,17.3,16.5,11.6,19.2,18.7869,13.3,14.8,5.8887,13.7,18.9,,3,41.1,24.8,22.3,53.4,55.7,55.2,52.5,51.4,51.3,54.1,52,,68.3,51.6,51.8,50.4,,5.383,11.7,2.7,,5.9,4.2,7.31,4.6,15,16.6,3.94,25,30.8,22.4,1.7,43.1,55.2,6.4,93.6,31.5,35.76,400.2721,17.4,1180,18212,105.3,102.5,101.7,101.7
2011/4/30,12.3657,13.4,11.9,14,,,10.4,8.1,15.3,15.4,9.7,18,18.21,11.8,11.7,-0.1879,8.3,3.5,,5.7,32.5,10.8,31.9,52.9,55.3,53.8,51.3,50.7,50.8,53.8,50.6,,66.2,52,51.8,50.6,,5.344,11.5,2.7,,5.9,3.9,6.82,4.7,12.9,15.3,3.92,25.4,33.6,21.3,1.9,43.3,54.8,6.6,93.4,25.88,29.82,489.2527,17.1,1239.7,13673,105.3,103.1,102,102.6
2011/5/31,12.0927,13.3,12.9,13.5,,,8.9,9.5,11.9,15.2,9.5,18.7,23.94,11.9,12.1,5.1978,10.6,20,,6.7,29.4,16,27.3,52,54.9,52.1,51.1,47.7,50,53.6,50.5,,60.3,49.5,50.9,49.9,,5.515,11.7,2.9,,6.2,3.9,6.79,4.9,12.7,15.1,3.89,25.8,37,20.8,2.1,43.8,54.1,6.3,93.7,23.5,19.28,602.884,16.9,1461,10854,109.3,102.9,101.9,102.8
2011/6/30,12.4359,15.1,13.9,15.6,,,10.7,11.2,13.6,17.2,11.3,20.8,15.1506,14.9,16.2,9.398,14.8,17.9,,10,37.6,22.1,31.9,50.9,53.1,50.8,50.5,45.9,51,51.5,48.7,,56.7,48.5,50.2,49.8,,6.355,14.4,3,,7.4,4,7.12,5.8,13.1,15.9,3.84,25.6,38.4,21.1,2.3,43.8,53.9,5.9,94.1,18.51,17.88,418.5162,17.7,1342.5,10873,113.3,102.9,102.1,102.9
2011/7/31,11.6332,14,12.8,14.5,,,9.5,9.2,14.1,15.8,10.6,19.7,16.1857,19.8,13.2,10.0928,14.9,17.8,,19.5,28.7,21.1,14.8,50.7,52.1,51.1,50.4,46.5,49.2,52,49.1,,56.3,47.6,50.5,50.3,,6.451,14.8,2.9,,7.6,3.7,7.54,6.1,11.6,14.7,3.82,25.4,33.2,20.9,2.3,43.8,53.9,6,94,22.05,20.43,401.4799,17.2,1307.9,5393,108,102.9,101.9,103
2011/8/31,10.276,13.5,13.4,13.5,,,9.4,8.7,14.8,15.5,10,18.8,17.35,22.6,10,5.0644,12.9,23.3,,20.2,36.5,13.5,11.7,50.9,52.3,51.1,48.3,47.6,48.9,51.2,49.7,,57.2,48.8,50.4,49.9,,6.151,13.4,3,,7.3,3.4,7.25,6,11.2,13.5,3.81,25,35,20.9,2.3,43.8,53.9,5.9,94.1,27.02,24.42,341.3841,17,1330,10741,108,102.7,101.3,102.8
2011/9/30,12.6211,13.8,12.8,14.3,,,9.9,7.2,15.5,16,10.1,19.1,10.4,18.1,11.5,4.5794,18.8,28.5,,9,4.5,16.9,12.8,51.2,52.7,51.3,50.9,48.9,49.9,51.5,50.1,,56.6,49,51,49.5,,6.067,13.4,2.9,,7.3,3,6.52,6,8.9,13,3.71,24.9,37.4,20.8,2.3,43.7,53.9,5.9,94.1,18.77,17.01,163.8887,17.7,1105.6,4279,101.3,102.5,100.6,102.6
2011/10/31,11.4609,13.2,12.1,13.7,,,8.9,9.2,17.3,15.1,9.6,19.2,7.3,10.7,9.3,5.0685,13.4,22.3,,2.8,-3.8,26.9,10.4,50.4,52.3,50.5,48.6,46,50.3,50.7,47,,46.2,48.5,49.7,50.7,,5.495,11.9,2.7,,6.6,2.8,5,5.3,8.4,12.9,3.84,24.9,37,20.7,2.3,43.8,53.9,5.9,94.1,21.44,15.77,25.8551,17.2,598.2,7908,101.3,102,100.1,101.7
2011/11/30,10.0607,12.4,12.4,12.4,,,7.8,6.8,14.9,14.4,8.4,19.1,4.4,3.6,8.5,7.3763,7.8,11.6,,16.8,-1,27.5,-9.3,49,50.9,47.8,45.6,45.2,53.1,49.8,47.3,,44.4,46.7,49,50.4,,4.225,8.8,2.2,,5,2.4,2.72,4,7.8,12.7,3.81,24.5,36.4,20.6,2.3,43.8,53.9,6,94,17.53,13.77,-1.9247,17.3,841.6,9581,101.3,100.9,100.3,101
2011/12/31,,12.8,12.6,13,,,9.2,11.4,18.7,14.7,8.7,18.8,,2.2,9.7,8.6805,6,11.6,,22.9,4.5,32.8,-1.9,50.3,53.4,49.8,48.6,46.6,50.6,50.9,49.1,,47.1,48.3,48.7,50.1,,4.07,9.1,1.9,,4.9,2,1.69,3.8,7.9,13.6,3.79,23.8,29.2,20.4,2.2,43.7,53.9,7.2,92.8,12.58,13.32,15.3493,18.1,560,12744,101.3,99.3,100.2,100
2012/1/31,,2.8,,,,,,,,,,,-9.2,1.9259,-4.3172,3.728,-1.0681,-6.0435,,-13.7077,-28.7209,11.5184,-26.942,50.5,53.6,50.4,46.9,43.2,48,50.2,46.9,,50,49.7,47.1,49.7,,4.5,10.5,1.8,,5.5,2.2,0.73,4.1,3.1,12.4,3.61,,,,,,,,,-7.75,-0.55,189.3675,13.1,280,9754,98.7,98.6,100.9,99.9
2012/2/29,14.5018,21.3,23.6,20.4,,,14.7,15.8,11.2,23.8,17.1,30.6,21.1,4.7151,20.6196,10.0426,10.6772,47.2453,,42.6648,28.4486,7.9072,22.4711,51,53.8,51,51.1,49.4,50.5,53.6,50.8,,54,48.8,49.5,50.3,,3.2,6.2,1.7,,3.9,1.5,0.03,2.9,4.3,13,3.88,21.5,42.5,25.6,1.4,42.2,56.4,6,94,29.61,18.34,48.1294,16.4,840,10431,95.3,98.8,100.8,99.5
2012/3/31,5.7871,11.9,13.9,11.2,,,8,9.3,16.1,13.7,8.2,17.7,4.9,10.9,7.2,9.1633,10.2,17,,25,-3.7,1.1,-1.4,53.1,55.2,55.1,51.9,50.5,50.8,54.8,51.5,,55.9,49.5,51,48.9,,3.6,7.5,1.8,,4.4,1.5,-0.32,3.5,4.4,13.4,3.95,20.9,29.8,22.8,1.9,44.4,53.7,5,95,7.07,8.84,13.793,15.2,560,18704,91.3,98.6,100.5,99
2012/4/30,5.1314,9.3,10.3,8.9,,,4.3,6.6,9.9,10.7,5.7,15.3,6.7,7.3,0.7,8.6376,7.9,12,,22.9,8.1,1.6,-6.3,53.3,57.2,54.5,52.2,48.4,49.5,54.4,50.5,,54.8,48.5,51,49.6,,3.4,7,1.7,,4.1,1.7,-0.7,3.1,3.1,12.8,3.96,20.2,26.3,20.9,2.2,44.7,53.1,5.4,94.6,2.58,4.84,-67.7326,14.1,1383.1,9637,87.3,97.9,99.9,98
2012/5/31,5.5588,9.6,9.1,9.8,,,6.6,6.4,5.8,11,6.7,13.7,5.1,5.2,2.7,5.1771,6.3,6.6,,5.8,3,0.2,2.6,50.4,52.9,49.8,50.4,43.6,52.2,50.8,48.1,,44.8,45.1,50.5,49,,3,6.4,1.4,,3.6,1.7,-1.4,2.5,3.5,13.2,4.06,20.1,23.5,20.4,2.4,45.1,52.5,5.1,94.9,14.18,15.27,46.4449,13.8,1414.1,11432,84.7,97.5,99.6,97.1
2012/6/30,3.7777,9.5,9,9.6,,,6.5,7.4,8.2,11.5,5.5,13,3.9,4.3,0,2.9142,6.7,25.5,,-1.9,-6.2,2.2,3.9,50.2,52,49.2,47.5,43.3,52.3,46.9,46.5,,41.2,48.2,49.7,49.1,,2.2,3.8,1.4,,2.3,1.9,-2.08,1.4,4.7,13.6,4.06,20.4,20.3,20.3,2.4,45,52.6,5,95,8.76,11.08,-101.175,13.7,1351.9,17802,84.7,97.3,99.2,96.6
2012/7/31,2.3501,9.2,10.1,8.8,,,4.8,7.1,2.6,10.9,5.3,14.4,5.8,1.2,2.1,0.9993,6.5,6.8,,4,-18,-5.8,6.8,50.1,51.8,49,46.6,41.9,48,46.8,45,,41,48.5,49.5,49,,1.8,2.4,1.5,,1.7,2,-2.87,0.8,4.6,13.9,4.08,20.4,23.6,20,2.5,45,52.6,5.1,94.9,2.61,1.01,27.3742,13.1,1250,10522,88,96.9,99.3,96.1
2012/8/31,1.4113,8.9,8.6,9,,,5.3,6.6,5,10.4,5,14.3,-4.7,-2.8,2.7,5.4872,1.4,7.7,,3.6,1.9,-0.5,-5.9,49.2,50.9,48.7,46.6,45.1,48.2,48.8,47,,46.1,45.1,49.1,50,,2,3.4,1.4,,2.1,2,-3.48,1,4.5,13.5,4.05,20.2,23.1,20,2.5,44.7,52.8,5.2,94.8,0.21,2.67,-70.6959,13.2,1330.6,12475,88,96.8,99.9,95.9
2012/9/30,2.3979,9.2,9,9.3,,,6.3,7,5.3,11,5.3,12.6,-3.5,-2.8,1.5,8.7553,4.9,6.2,,15.1,13.7,7.7,25.4,49.8,51.3,49.8,48.8,46.5,47.9,49.8,47.7,,51,47,48.9,49.5,,1.9,2.5,1.7,,1.8,2.3,-3.55,0.9,7.3,14.8,4,20.5,26.7,19.9,2.5,44.2,53.2,5.3,94.7,6.22,9.75,65.464,14.2,1183.3,16462,90.7,97.2,100.4,95.4
2012/10/31,4.8609,9.6,9.1,9.7,,,7,5.1,7.3,11.7,4.7,13.8,-2,6,6.4,9.7534,11.7,13.6,,18.9,31,3.4,-0.2,50.2,52.1,50.4,49.3,43.8,48.1,51.2,48.4,,54.3,47.3,49.2,50.1,,1.7,1.8,1.7,,1.5,2.3,-2.76,0.9,6.1,14.1,3.99,20.7,28.7,19.7,2.6,44,53.4,5.4,94.6,7.19,11.54,24.6238,14.5,938.2,12906,90.7,97.6,100.4,95.5
2012/11/30,6.1515,10.1,9.2,10.5,,,7.2,6.5,10.3,11.8,6.5,13.7,2.1,13.1,7.9,11.8335,16.5,9.7,,6.2,17.9,5.3,5.7,50.6,52.5,51.2,50.2,45.3,48.8,51.4,48.5,,50.1,47.9,48.7,49.9,,2,3,1.6,,1.9,2.3,-2.2,1.1,5.5,13.9,4.02,20.7,29.5,19.9,2.5,43.8,53.7,5.5,94.5,1.52,2.84,180.0673,14.9,931.5,11225,90.7,98.2,100.4,95.8
2012/12/31,,10.3,9.6,10.6,,,8,5.2,0.9,12.1,6.9,12.9,,5.9,7.6,5.6021,13.5,13.6,,-2.7,25.2,6.7,-1.2,50.6,52,51.2,50,45.9,49.4,52.1,49,,53.3,47.3,49,48.8,,2.5,4.2,1.7,,2.5,2.5,-1.94,1.5,6.5,13.8,3.86,20.6,24.3,19.7,2.5,43.5,54,6.5,93.5,10.35,14.02,508.7966,15.2,570.1,16282,90.7,98.3,100.7,95.9
2013/1/31,,17.7,,,,,,,,,,,21.1,8.6,21.2941,11.2,21.3,49.6,,,,15.7,49,50.4,51.3,51.6,48.5,44.4,47.4,53.2,49.1,,57.2,50.1,47.8,50,55.9,2.0305,2.8839,1.6082,1.5,1.9801,2.1571,-1.64,1.3,15.3,15.9,3.92,,,,,,,,,27.05,24.97,379.8589,,1120,25446,93.3,98.1,100.8,96.3
2013/2/28,-3.7278,2.2,,,,,,,,,,,-7.34,11.1,-13.7,5.2,7.5,-8.9,,,-33.04,-2.2,-26.2,50.1,51.2,50.1,47.3,44.4,46.6,50.2,48.1,,55.5,49.5,47.6,48.3,64.6,3.2198,5.9872,1.8549,1.8,3.2544,3.1326,-1.63,2.1,9.5,15.2,3.96,21.2,28.9,26,1.3,40.1,58.6,5.2,94.8,1.11,21.76,232.0202,12.2999,780,10705,93.3,97.4,100.2,96.1
2013/3/31,4.3496,8.9,8.2,9.1,,,4.3,5.8,1,11,6.1,13.3,-1.69,8.5,2.1,5.59,9.2,16.9,,3.1,24.3,13.8,14.5,50.9,52.7,52.3,50.9,47.1,50.2,51.9,48.9,,50.6,47.5,49.8,51.1,65.5,2.0696,2.6775,1.7697,1.9,1.6689,3.0789,-1.92,0.8,11.9,15.7,4.08,20.9,22.4,22.6,1.6,42.4,56,4.6,95.4,12.01,9.98,403.8838,12.6003,440,25503,90.7,97.8,99.99,96.4
2013/4/30,5.3103,9.3,8.5,9.6,,,4.3,5.7,7.7,10.9,7.4,13.6,-4.83,4.9,6.2,12.84,8.1,17.3,,1.4,3.8,12.6,5.6,50.6,52.6,51.7,48.6,43.6,47.7,51,48.7,,40.1,47.5,49,50.8,59.3,2.3861,4.0474,1.5769,1.8,2.1632,2.9432,-2.62,0.9,11.9,16.1,4.11,20.6,21.5,21,1.9,42.8,55.2,4.9,95.1,15.53,14.59,268.1225,12.8,1731.1,17629,86.7,97.8,99.6,96
2013/5/31,4.1946,9.2,8,9.8,,,4.4,4,8.8,10.7,8.1,13,-6.34,7,4.1,6.6202,11.2579,19.9471,,5.4252,-13.5717,28.5175,3.4462,50.8,53.3,51.8,49.4,44.9,48.6,51.5,50.3,,45.1,47.6,48.8,50.8,56.3,2.0981,3.225,1.5534,1.8,1.8083,2.8187,-2.87,0.7,11.3,15.8,4.18,20.4,22.5,20.4,2.1,43.2,54.7,4.7,95.3,0.24,0.91,103.8431,12.8922,1810,11871,90.7,97.6,99.8,96
2013/6/30,6.1134,8.9,7.9,9.3,5.8,9.6,6.3,1.7,8.9,10.5,7.8,10.9,-6.3,5.65,6.01,12.56,7.2235,23.2471,,4.0814,15.9165,6.1183,15.2156,50.1,52,50.4,47.7,42.9,48.2,49.5,47.9,,44.6,47.4,48.7,50.3,54.1,2.6684,4.9261,1.5942,1.7,2.6472,2.7205,-2.7,1.4,9.1,14,4.09,20.1,23.1,20.3,2.1,43,54.8,4.6,95.4,-2.08,-3.11,-4.0766,13.3125,709.3,10375,88,97.7,99.9,95.9
2013/7/31,8.6274,9.7,8.2,10.3,5.5,10.5,8.1,3.6,6.7,11.1,7.9,11.6,-3.2,5.62,8.09,12.42,10.8597,22.7878,,-9.9799,26.6603,3.4248,4.0862,50.3,52.4,50.6,49,44.7,47.3,50,48.4,,50.1,47.6,49.1,50.1,56.4,2.6741,5.0158,1.5636,1.6,2.654,2.7233,-2.27,1.7,9.7,14.5,4.14,20.1,21.5,20,2.2,43.2,54.6,4.8,95.2,7.77,5.09,-68.6532,13.2123,1160,8191,88,98.1,99.95,96
2013/8/31,11.1399,10.4,9.2,10.8,5.8,10.9,9.5,2.9,5,11.7,8.7,12,-2.3,10.9,13.4,9.85,15.6196,23.6266,,2.332,24.5941,3.3513,15.2296,51,52.6,52.4,50.2,44.8,47.6,52,50,,53.2,48,49.3,50.4,59.4,2.5666,4.7285,1.5272,1.6,2.5168,2.6889,-1.62,1.6,9.9,14.7,4.12,20.3,21.4,19.8,2.2,43.1,54.7,4.8,95.2,7.15,7.1,83.3105,13.3701,1327.3,15841,90.7,98.4,99.9,96
2013/9/30,9.9081,10.2,,,4.9,11.1,7.8,3.8,8.8,11.1,9.4,12.8,0,14.57,8.19,6.59,15.5004,23.8494,,-4.5437,9.1915,9.457,8.7613,51.1,52.9,52.8,50.7,46.2,47.4,52.5,50.4,,54.5,48.5,49.1,50.8,58.4,3.0519,6.0988,1.5891,1.7,3.0944,2.9473,-1.34,1.9,8.9,14.2,4.09,20.2,17.7,19.8,2.2,42.9,54.9,4.9,95.1,3.22,-0.43,268.0896,13.3143,1011.7,14120,90.7,98.5,99.6,96.3
2013/10/31,9.8209,10.3,,,4.3,11.4,8.4,5.4,5.8,11.1,9.6,11.9,1.6,9.18,8.43,9.36,12.3296,28.0388,,-12.9553,11.8311,13.1244,3.0322,51.4,54.4,52.5,50.4,45.5,45.6,52.7,50,,53.3,48.6,49.2,50.8,57.5,3.2058,6.5486,1.6185,1.8,3.2471,3.105,-1.51,1.9,8.9,14.3,4.14,20.1,17.5,19.5,2.2,42.9,54.9,5,95,6.46,5.57,359.3772,13.3202,1268,8645,93.3,98.4,99.6,96.2
2013/11/30,8.7607,10,,,5.6,11,9.1,2.4,0.9,11.1,9.5,11,2.5,7.24,6.77,6.44,9.9597,35.2196,,-3.3159,6.8217,12.758,9.4824,51.4,54.5,52.3,50.6,45.3,47.9,53.6,50.5,,52.5,47.8,49.6,50.6,54.9,3.018,5.9414,1.6251,1.8,2.9124,3.2779,-1.42,1.67,9.4,14.2,4.15,19.9,22.6,19.8,2.2,42.7,55.1,5.3,94.7,9.2,12.68,366.45,13.7213,1052.1,12310,90.7,98.3,99.5,95.9
2013/12/31,,9.7,,,5.4,10.7,8.3,3.4,11,10.8,8.9,11,,9.22,8.31,11.08,10.317,28.3533,,0.6584,13.062,-1.3571,9.413,51,53.9,52,49.8,45.1,46.2,52.7,49,,52.6,47.6,48.7,50.5,49.4,2.4987,4.0532,1.74,1.8,2.1811,3.2886,-1.36,1.25,9.3,13.6,4.08,19.6,22.5,19.7,2.1,42.3,55.5,5.7,94.3,6.06,4.15,310.2221,13.6,964.9,12532,90.7,98.2,99.3,95.9
2014/1/31,,8.5,,,,,,,,,,,-6.5,1.64,,3.23,,,,,,,,50.5,53,50.9,49.3,45.7,46.5,51,48.2,,49.2,47.8,48.2,49.8,51.3,2.4861,3.6718,1.8919,2,2.0146,3.6682,-1.64,1.11,1.2,13.2,3.9,,,,,,,,,10.26,10.54,733.1502,,540,26004,88,97.9,99.3,95.5
2014/2/28,9.2012,8.8,,,,,,,,,,,2.1,2.91,15.98,13.5,,,,,,,,50.2,52.6,50.5,48.2,45.1,47.8,49.4,46.5,,47.7,47.4,48,49.9,61.8,1.9511,2.6508,1.592,1.7,1.5718,2.9054,-2,0.7519,6.9,13.3,4.13,17.9,-0.4,26.3,1.3,38.7,60,4.9,95.1,-4.95,-18.13,457.4778,11.8246,560,9370,84,97.6,99.3,95.8
2014/3/31,6.4053,8.8,,,2.9,9.9,4.6,1.7,11.4,10.1,7.8,11.3,3.4,-5.3,6.2,7.6,5,13.7,,19.9,12.2,1.3,-3,50.3,52.7,50.6,50.1,44.8,48.3,50.3,49.1,,44.4,47.8,48.3,49.8,62.7,2.3848,4.0724,1.545,1.7,2.2258,2.7799,-2.3019,1.2,5.4,12.1,4.22,17.6,13.7,22.5,1.7,41.4,56.9,4.4,95.6,-9.06,-6.64,401.7409,12.2404,840,20934,84,96.7,99.8,95.4
2014/4/30,5.5762,8.7,,,4.5,9.8,5.7,1.7,10,10.3,7,11.2,-1.3,-3.2,4.4,3.3,5.4047,21.4839,,15.7337,8.9591,-0.9,1.1357,50.4,52.5,51.2,49.1,44.9,47.3,50.6,48.6,,48.3,48.1,48.3,50.1,59.6,1.8014,2.2862,1.5595,1.6,1.4437,2.6887,-2.0042,0.8073,5.5,13.2,4.28,17.3,16.7,20.8,2,41.8,56.2,4.3,95.7,0.77,0.81,97.0501,11.9,1756.7,15259,84,96.9,99.7,96.2
2014/5/31,6.7859,8.8,,,4.3,9.9,6.1,5,11.5,10.3,6.5,11.3,-2.3,-3.1,5.9,8.2,6.0858,13.559,,18.6856,15.9858,-3.4,-7.4634,50.8,52.8,52.3,49.3,46,47.1,52.3,49,,50,48,48.2,50.3,56.2,2.4773,4.102,1.6789,1.7,2.3834,2.7083,-1.4464,1.6468,5.7,13.4,4.32,17.2,19.3,20,2.1,42,55.8,4.3,95.7,2.97,7.07,39.1198,12.5143,1536.4,14013,88,97.2,99.9,96.3
2014/6/30,6.7624,9.2,,,7.9,9.8,7.3,3.3,8.9,10.8,7.4,10.9,-2,-0.5,5.7,2.5,7.1015,9.4548,,7.4347,23.1819,2.8,-2.2634,51,53,52.8,50.3,46.2,47.3,52,49.2,,50.1,48,48.6,50.5,54.8,2.3361,3.6831,1.6742,1.7,2.2215,2.6174,-1.1092,1.6046,8.9,14.7,4.32,17.3,21.5,19.7,2.3,41.9,55.8,4.5,95.5,6.36,7.19,154.0713,12.4,818.9,19673,88,97.3,99.8,96.5
2014/7/31,5.5547,9,,,6.2,10,5.8,4.4,8.9,10.2,6.3,11.5,-1.6,2.84,3.33,6.3,3.6872,9.4817,,14.2126,7.3921,-5.2169,6.1435,51.7,54.2,53.6,50.8,46.4,47.6,53,49.3,,50.5,49,48.3,50.2,55.3,2.2852,3.598,1.6414,1.7,2.1822,2.5364,-0.8688,1.5776,6.7,13.5,4.32,17,21.3,19.4,2.3,42.1,55.6,4.5,95.5,6.8,14.43,11.858,12.2217,1425.9,2737,80,97,100.2,96.2
2014/8/31,3.9855,6.9,,,4.2,8,4,1.2,5.5,8.7,3.8,8.7,-0.98,1.4,-2.2,8,2.4277,6.1326,,3.0004,12.5068,-4,-7.5384,51.1,53.2,52.5,50,45.9,48.1,51.9,48.5,,49.3,48.6,48.2,50,57.9,1.9909,3.0457,1.4677,1.6,1.8388,2.3633,-1.2038,1.1828,5.7,12.8,4.31,16.5,24.4,19.3,2.4,42.1,55.5,4.6,95.4,3.95,9.36,-8.203,11.9014,1450.2,9577,79.3,96.6,99.8,95.6
2014/9/30,5.4212,8,,,3.9,9.1,4.8,-1,4.7,9.3,6.4,8.8,-7,-0.96,4.12,8.8,1.7268,6.0326,,7.0186,7.8242,-4.8,-10.2861,51.1,53.6,52.2,50.2,45.6,47.2,51.2,48,,47.4,48.8,48.2,50.1,56,1.6275,2.3228,1.2789,1.5,1.3644,2.2748,-1.7996,0.6632,4.8,12.9,4.21,16.1,22.3,19.2,2.4,42,55.6,4.7,95.3,11.25,15.24,-163.4225,11.5676,1215.1,11355,76,96.3,99.9,95
2014/10/31,4.2685,7.7,,,4.7,8.5,5.5,-1.6,-1.4,9.1,5.7,8.7,-8.5,-1,1.9,8.3,2,3.7953,,-5.5461,8.2923,0.2,-3.6253,50.8,53.1,51.6,49.9,44.7,47.9,50.7,47.9,,45.1,48.4,48.4,50.1,54.1,1.6011,2.4955,1.1558,1.4,1.4487,1.9744,-2.2428,0.6137,3.2,12.6,4.29,15.9,23.8,19,2.4,41.9,55.7,4.8,95.2,8.33,11.59,-272.3687,11.5208,1654.9,6807,73.3,96.2,99.4,94.3
2014/11/30,4.3051,7.2,,,3,8.1,2.8,-2.5,-1.6,8.7,4.4,8.7,-4.9,-0.8,0.6,8,1.2,-2.0715,,-6.4794,8.2328,-6.8,-6.429,50.3,52.5,50.9,48.4,43.9,47.2,50.5,47.3,,44.7,47.7,48.2,50.3,52.2,1.4393,2.3086,1.0075,1.3,1.2758,1.8401,-2.6928,0.437,3.2,12.3,4.32,15.8,24.2,19.2,2.4,41.7,55.9,4.9,95.1,-0.55,4.69,-99.3075,11.7208,1381,11459,73.3,96.2,99.2,93.9
2014/12/31,4.286751,7.9,,,3.4,8.9,3.8,0.9,6.4,9.3,5.4,9.5,,1.1,1.3,8.9,6.4,10.7,,-6.7,0.1,-6.3,3.9,50.1,52.2,50.4,49.1,43.8,47.8,50.1,47.8,,43.2,47.5,48.1,49.9,48.7,1.5056,2.8564,0.8313,1.3,1.3911,1.7872,-3.3152,0.3648,3.2,12.2,4.18,15.7,25.4,18.9,2.4,41.5,56.2,5.1,94.9,3.96,9.67,-93.3206,11.8891,1184.2,16945,73.3,95.3,98.8,92.93
2015/1/31,,9.6,,,,,,,,,,,0,1.39,13.37,9.1,,,,,,,,49.8,51.7,50.2,48.4,44,48,49.6,46.4,,41.9,47.3,47.9,50.2,47.4,0.7638,1.1092,0.5877,1.2,0.5277,1.3463,-4.3202,-0.4456,10.6,10.8,4.31,,,,,,,,,-10.89,-3.46,-82.2648,,600,20516,68,94.9,98.8,93.1
2015/2/28,-0.58,3.6,,,,,,,,,,,-7.7,-5.92,-7.6,1.15,-2.9,-9.4,,-8.2,-14.1,-4.8,-0.6,49.9,51.4,50.4,48.5,43.8,47,49.4,47.5,,43.9,48.2,47.8,49.9,54,1.4311,2.3657,0.9465,1.574,1.1126,2.2221,-4.7976,-0.0607,5.6,12.5,4.21,13.9,11,25.5,1.6,37.9,60.5,4.6,95.4,10.67,48.13,-171.808,10.7142,400,13609,68,93.98,98.6,92.64
2015/3/31,1.290948,5.6,,,1.4,6.7,0.9,1.4,-4.5,6.8,3.3,8,-7.6,-1.4,-3.7,2.3,3.6,-1.2675,,-2.3681,2.9048,-9,6.5556,50.1,52.1,50.2,48.3,44.1,48.6,49.7,48.1,,45,48,48.4,50.1,61.3,1.3758,2.333,0.8876,1.4596,1.1266,1.9913,-4.5603,-0.0076,2.9,11.6,4.31,13.5,9.3,21.5,2,40.5,57.5,4.3,95.7,-13.87,-15.16,-660.3388,10.2445,800,12433,68,94.93,98.54,93.36
2015/4/30,2.390662,5.9,,,2.8,6.5,1.9,0.4,1.7,7.4,2.9,7.7,-7.4,-3.4,1,-2.9,3.4,10.6634,,0.6095,11.325,0.5,2.8135,50.1,52.6,50.2,48.1,43.8,48,50.1,47.8,,47.8,48.2,48,50.4,59.5,1.5091,2.7315,0.8948,1.4699,1.2762,2.0799,-4.5725,0.1056,3.7,10.1,4.37,12,10.9,19.7,2.3,41,56.8,4.2,95.8,-11.06,-6.66,-173.1879,10.0024,1984.1,10582,68,94.22,98.66,92.57
2015/5/31,2.186439,6.1,,,3.9,6.7,2.2,1.2,8.8,7.5,3,8.1,-6.1,-4.2,0,-2,2.1,6.6114,,-2.7197,0.504,3,-0.9931,50.2,52.9,50.6,48.9,44.7,47.5,51,47.6,,49.4,48.2,48.2,50.9,56.8,1.2308,1.5985,1.0457,1.5758,0.8739,2.1065,-4.607,-0.082,4.7,10.8,4.54,11.4,10,18.9,2.5,41.3,56.2,4.1,95.9,-9.72,-3.47,12.8115,10.1302,1985,12397,64.7,94.51,98.74,92.54
2015/6/30,2.585682,6.8,,,2.7,7.7,2.2,3.2,-0.5,7.8,4.5,8.9,-4.9,-6.9,0.5,4.9,1.3,8.1625,,15.3388,6.202,2.6,3.0613,50.2,52.9,50.1,48.2,44.6,47.7,50.9,48,,47.3,48.7,48.1,50.3,52.2,1.3909,1.8544,1.1586,1.6943,1.0697,2.1767,-4.8135,0.0475,4.3,11.8,4.62,11.4,12,18.5,2.6,41.1,56.3,4.1,95.9,-2.26,1.49,21.0833,10.632,1404.6,18384,64.7,94.5517,98.864,92.34
2015/7/31,1.146875,6,,,5.6,6.6,0,1.3,9.1,7.7,2.6,9.3,-3.1,-6.5,-2,3.2,-1.9,7.8,,6.2,-0.4,-5.7,-5.8,50,52.4,49.9,47.9,44,47.4,50.3,47.8,,44.7,48.4,48,50.4,52.9,1.6473,2.7273,1.1076,1.6845,1.4292,2.1776,-5.3692,0.1885,6.6,13.3,4.78,11.2,13.8,18.2,2.7,41.2,56.1,4.2,95.8,-8.91,-9.2,-434.0923,10.5123,1881,7511,67.3,94.51,98.394,92.64
2015/8/31,1.596384,6.1,,,4,6.8,-0.6,0.4,1,7.6,2.8,10.3,-2.6,-6.6,1,6,0.4,8.2,,13.0207,-5.1556,-3.6,0.9348,49.7,51.7,49.7,47.7,44.6,47.2,49.4,47.2,,44.9,48.3,47.9,50.6,54.1,1.9554,3.6772,1.0881,1.703,1.8369,2.2443,-5.9227,0.4006,9.3,13.3,4.78,10.9,13.9,18,2.8,41.2,56,4.3,95.7,-9.31,-5.84,-435.3554,10.7923,1570,11097,67.3,94.04,98.524,92.81
2015/9/30,0.17552,5.7,,,1.2,6.7,-1.4,0.5,5.5,7.2,2.7,9.3,-2.2,-8.8,-3.1,1.1,-0.6,10.9,,8.148,-7.8966,-4.5,13.0711,49.8,52.3,50.2,47.9,43.8,46.8,48.6,48.1,,45.8,47.5,47.9,50.8,53.9,1.5956,2.7236,1.0242,1.6362,1.3866,2.1052,-5.945,0.0854,11.4,13.1,4.86,10.3,16.9,17.9,2.8,41.1,56.1,4.3,95.7,-11.54,-4.05,-1091.6027,10.9,2130.4,13571,67.3,93.7812,98.28,92.7095
2015/10/31,0.376395,5.6,,,0.4,6.7,-0.5,-1.6,9.6,6.6,3.6,8.1,-1.2,-9.35,-3.24,1.4,-0.2242,16.1194,,12.5061,-8.5593,-8.6,-4.6858,49.8,52.2,50.3,47.4,44.4,47.2,48.8,47.5,,44.4,47.2,47.8,50.6,52.5,1.2674,1.9415,0.9274,1.4731,0.9981,1.9235,-5.9,-0.0173,14,13.5,4.93,10.2,18.2,17.6,2.8,41.1,56.1,4.4,95.6,-12.17,-7.05,-201.4379,11.0234,1820.1,5593,67.3,93.8677,98.3323,92.6453
2015/11/30,0.61,6.2,,,0.3,7.2,2.8,-0.2,8,6.9,5.2,8,-2.7,-7.8,0.1,0.2,2,19.8,,13.7,-6,-2.5,-6.9,49.6,51.9,49.8,46.4,43,46.7,48.3,46.7,,41.1,47.1,47.6,50.6,48.3,1.4856,2.3222,1.0647,1.5179,1.2382,2.0886,-5.9,0.2221,15.7,13.7,5.06,10.2,19.4,17.6,2.8,40.9,56.3,4.4,95.6,-7.91,-7.08,-548.1936,11.1722,2100.5,10255,67.3,93.9884,98.1225,92.4557
2015/12/31,1,5.9,,,1.4,7,2.6,0.7,1.3,7.1,3.5,7.9,-0.3,-14.3,-3.7,2.5,-3.4,12.1,,16.9,1,-6.1,-9.4,49.7,52.2,50.2,47.5,43.6,46.1,50.3,47.6,,42.4,47.6,47.4,50.7,44.6,1.6,2.7,1.1,1.474,1.4664,2.0549,-5.9,0.4372,15.2,13.3,5.04,10,15.9,17.4,2.8,40.6,56.6,4.8,95.2,-4.52,-1.89,-894.16,11.1,1340.5,18114,67.3,98.8034,99.7826,99.2699
2016/1/31,,5.865724,,,,,,,,,,,,,,,,,,,,,,49.4,51.4,49.5,46.9,43.4,44.6,49,46.4,44,45.1,46.8,47.8,50.5,51.3,1.8,4.1,1.2,1.5,1.5,2.2,-5.3,0.2,18.6,14,4.88,,,,,,,,,-17.18,-15.25,-544.4155,,1700,34758,67.3,98.8,100.4,98.5
2016/2/29,1.9,4.906937,,,,,,,,,,,,,,,,,,,,,,49,50.2,48.6,47.4,43.9,46.4,47.9,45.8,47.3,50.2,48,47.6,49.8,53.3,2.3,7.3,1,1.3,2.6,1.8,-4.9,0.9,17.4,13.3,4.9,10.2,4.9,23.8,2,37.1,61,4,96,-22.41,-27.96,-339.3933,10.2,900,8312,70.7,98.9,101,97.9
2016/3/31,5.61,6.8,,,3.1,7.2,3.2,0.2,11.4,7.6,4.8,8.6,-4.54,-5.3,3.96,4,3.3,13.8,78.3,25.2,-2,11.5,8.6,50.2,52.3,51.4,50.2,45.7,46,52.6,50.1,50.9,55.3,48.2,48.1,51.3,54.8,2.301391,7.6,1,1.5,2.5,1.9,-4.3,0.7309,22.1,13.4,5.1,10.7,-5.5,20.6,2.3,39.2,58.5,4,96,-0.23,7.53,-363.901,10.5,1500,23931,70.7,99.1,101.3,97
2016/4/30,4.53,6,,,0.1,6.9,-0.1,1.6,6.9,7.1,2.6,8.9,-11,-3.4,-1.7,5.6,0.5,3.3,135,1.8,-7,-9,-2.4,50.1,52.2,51,50.1,44.8,45.5,51,49.5,51.7,57.6,47.4,47.8,50.1,55,2.327865,7.4,1.1,1.5,2.5,2,-3.4,0.7431,22.9,12.8,5.17,10.5,-6.8,19.1,2.5,39.8,57.7,4.1,95.9,-7.87,-5.24,-236.9114,10.1,2482,7809,70.7,99.3,104.3,96.8
2016/5/31,4.17,6,,,-2.3,7.2,-0.5,3.3,-0.4,7.2,3.1,9.5,-15.5,0.6,0,4.3,2.1,11.5,92.9,10.3,-15.1,-11.6,9.1,50.1,52.3,50.7,50,45.1,46.8,51.2,49.6,49.7,55.3,47.6,48.2,50.4,55.1,2.038999,5.9,1.1,1.6,2,2.1,-2.8,0.2893,23.7,11.8,5.24,9.6,-4.5,18.4,2.7,39.9,57.4,4.2,95.8,-4.33,-6.93,-125.0916,10,2812.1,6770,70.7,99.2,104.3,96.4
2016/6/30,4.73,6.2,,,-2.4,7.2,-0.1,3.6,9.1,7.4,3.6,8.2,-16.6,0.5,2.1,-0.5,3.2,18.8,88.6,15.1,0.1,-2.4,9.1,50,52.5,50.5,49.6,45,46.5,50.5,49.1,47,51.3,47,47.9,50.7,55.2,1.879503,4.6,1.2,1.6,1.7,2.2,-2.6,0.2687,24.6,11.8,5.16,9,-3.9,18,2.9,39.4,57.7,4.2,95.8,-7.79,-6.83,-128.4306,10.6,2883.5,16479,68,99.2,104.3,96
2016/7/31,7.18,6,,,-3.1,7,2.9,-1.5,-1.5,6.3,5.1,7.4,-13.1,-0.8,7.2,-3.3,4.9,13.3,61.8,8.5,10.1,7.3,4.5,49.9,52.1,50.4,49,45.5,46.8,50.5,49.3,50,54.6,47.3,48.2,50.5,55.8,1.765113,3.3,1.4,1.8,1.4,2.3,-1.7,0.36,25.4,10.2,5.25,8.1,-3.6,17.8,3,39.5,57.5,4.2,95.8,-9.14,-6.47,-316.5896,10.2,2830.1,4791,68,99.1,104,95.6
2016/8/31,8.06,6.3,,,-1.3,6.8,3.6,-4.1,6.9,6.4,6.7,6.5,-11,5,7.8,-2,4,11.8,63.2,4.2,15.7,9,2.7,50.4,52.6,51.3,49.7,45,46.6,52.6,49.5,52,57.2,47.6,48.4,50.6,56.4,1.339773,1.3,1.4,1.6,0.9,2.1,-0.8,0.3507,25.3,11.4,5.3,8.1,-4.1,17.6,3.1,39.3,57.6,4.3,95.7,-1.52,-3.74,-95.3208,10.6,3423.2,14605,65.3,99.3,103.6,95.3
2016/9/30,8.37,6.1,,,0.1,6.5,3.3,-3.8,1.6,6.4,6.2,6.4,-12.3,7.3,6.8,0.1,4.3,9.2,66.7,-3.9,18.7,16.4,-9.3,50.4,52.8,50.9,50.1,45.2,46.4,51.9,50.4,51.5,57.5,47.4,48.6,49.9,57.3,1.920226,3.2,1.6,1.7,1.7,2.4,0.1,1.0128,24.7,11.5,5.22,8.2,-5.2,17.5,3.1,39.2,57.6,4,96,-6.79,-10.48,-284.3847,10.7,3066,17115,65.3,99.7,103,95.3
2016/10/31,10.92,6.1,,,-2.2,6.7,3.2,-3.8,4.4,6.8,4.8,6.8,-12,7.3,8,-1.4,4.1,4.8,44.4,9,19.2,27,3.4,51.2,53.3,52.8,49.2,45.8,46.9,52.4,49.9,55.5,62.6,48.1,48.8,50.2,58.2,2.095947,3.7,1.7,1.8,1.9,2.5,1.2,1.0993,23.9,11.6,5.24,8.3,-6.5,17.3,3.2,39,57.8,4,96,-5.44,-7.99,-145.897,10,2065.5,8865,68,100.2,102.4,95.7
2016/11/30,12.17,6.2,,,-2.9,6.7,4.2,-4.4,7.6,6.6,5.6,6.4,-5.1,5.7,7,5.5,1.7,7.6,11.1,4.4,14.6,24.3,19.4,51.7,53.9,53.2,50.3,46.7,45.9,52.9,50.6,58.3,68.3,48.4,49.2,49.7,59,2.252258,4,1.8,1.9,2.1,2.4,3.3,1.4976,22.7,11.4,5.24,8.3,-4,17.3,3.2,39,57.8,4,96,1.42,-1.54,-334.0443,10.8,2110.9,18328,70.7,100.8,101.9,96.4
2016/12/31,11.97,6,,,-2.5,6.3,6.4,-11.7,3.6,6.5,5.2,5.2,-3,8,6.9,1.7,-0.2,6.8,24.5,5.7,13,7.2,8.5,51.4,53.3,53.2,50.1,46.2,44.4,52.1,50.3,58.8,69.6,48,48.9,50,58.2,2.076545,2.4,2,1.9,1.8,2.5,5.5,1.5204,21.4,11.3,5.02,8.1,-8.5,17.2,3.2,38.9,58,4.2,95.8,-2.09,-6.29,-463.0189,10.9,1692.5,16260,70.7,101.4,101.6,97.2
2017/1/31,,2.93725,,,,,,,,,,,,,,,,,,,,,,51.3,53.1,52.8,50.3,46.3,45,52.6,50.7,54.7,64.5,48,49.2,49.8,58.5,2.549055,2.7,2.5,2.2,2.2,3.2,6.9,1.9245,14.5,10.7,5.12,,,,,,,,,10.61,6.42,-191.7477,,1360,37054.62437,73.3,102,101.5,97.8
2017/2/28,20.54,10.322581,,,,,,,,,,,,,,,,,,,,,,51.6,53.7,53,50.8,46,47.6,51.4,51.2,56.3,64.2,48.6,49.7,50.5,60,0.8,-4.3,2.2,1.8,-0.1,2.4,7.8,0.685,21.4,10.4,5.23,8.9,24.5,23.8,2.1,35,62.8,3.4,96.6,15.5,-2.35,-100.9841,9.5,1700,11246.01346,76,102.5,101.5,98.2
2017/3/31,14.74,7.6,,,-0.8,8,7.7,1.5,4.6,7.9,7.1,7.4,1.9,4.8,7.2,10.5,-0.7,16,17.9,-5.4,13.4,14.1,5.1,51.8,54.2,53.3,51,46.1,47.3,53.4,50.5,53.2,59.3,48.3,50,50.3,58.3,0.9,-4.4,2.3,2,-0.1,2.7,7.6,0.676,18.8,10.1,5.29,9.2,39.2,20.6,2.5,37.4,60.1,3.4,96.6,17.7,15.57,-116.0145,10.9,1600,24047.32279,76,102.8,101.5,98.6
2017/4/30,12.91,6.5,,,-0.4,6.9,5.6,1.9,-1.1,6.9,5.5,6.8,9.9,5.9,5.4,15,0.5,8.5,12.5,-11.6,20.5,3.1,4.2,51.2,53.8,52.3,50.6,45,48.2,51.9,50.2,48.7,51.8,48.3,49.2,50.5,56.6,1.2,-3.5,2.4,2.1,0.2,2.9,6.4,0.9076,18.5,9.8,5.33,8.9,33.8,19.2,2.7,37.8,59.4,3.5,96.5,8.69,6.64,-148.9837,10.7,2388.8,15639.29483,76,102.9,101.4,98.8
2017/5/31,12.18,6.5,,,0.5,6.9,6.2,3.2,0.5,6.8,5.9,6.6,12.1,-1.5,5,10.5,-1.9,6.1,27,-6.6,24.6,6.3,2.6,51.2,53.4,52.3,50.7,45.4,46.6,51.5,50,47.6,49.5,48.5,49.4,50.2,56.8,1.5,-1.6,2.3,2.1,0.7,2.9,5.5,1.1029,17,9.1,5.35,8.6,28.5,18.5,2.9,38.1,59,3.5,96.5,10.33,7.61,-171.0867,10.7,2591.5,13241.21401,76,103,101.2,98.9
2017/6/30,13.33,7.6,,,-0.1,8,6.8,3.9,5.7,7.7,8,7.4,10.6,-1.4,5.2,14.6,0.7,2.5,29.2,-3.4,13.4,1.8,0.8,51.7,54.4,53.1,52,47.2,46.3,52.5,51.2,49.1,50.4,48.6,49,49.9,58.7,1.5,-1.2,2.2,2.2,0.6,3,5.5,0.8964,15,9.1,5.37,8.6,24.9,18,3.1,37.7,59.2,3.4,96.6,13.13,10.28,-209.4493,11,3209.1,21305.40026,73.3,102.9,101.1,98.7
2017/7/31,15.49,6.4,,,-1.3,6.7,6.7,-3.6,-6.6,6.7,6.7,5.5,8.5,0.1,8.6,14.7,2.7,2,48.6,-2.4,23,15.5,3,51.4,53.5,52.8,50.9,46.3,46.1,52.7,51.1,52.7,57.9,48.5,49.2,50.1,59.1,1.4,-1.1,2,2.1,0.5,2.9,5.5,0.665,15.3,8.9,5.45,8.3,21.8,17.7,3.2,37.7,59.2,3.6,96.4,8.44,6.34,-155.0347,10.4,2685.3,15041.44706,73.3,103,103,98.4
2017/8/31,11.51,6,,,-3.4,6.9,7.8,-2.1,-6.9,5.8,7.9,3.7,4.1,-5.3,4.8,11.7,0.5,5.9,56.4,-3.1,19.1,17,1.3,51.7,54.1,53.1,50.4,46.1,45.5,52.9,51.4,57.4,65.3,48.3,49.1,49.3,59.5,1.8,-0.2,2.3,2.2,1,3.1,6.3,1.1434,14,8.6,5.45,7.8,18.9,17.6,3.2,37.6,59.2,3.5,96.5,8.69,4.88,-38.326,10.1,8877.3,17989.27937,73.3,103,103,98.1
2017/9/30,11.45,6.6,,,-3.8,8.1,9,-2.6,-8.1,7.1,8.9,5.2,7.6,-7.1,5.3,10.7,-1.8,4,55.1,3.5,20.9,14.2,10.3,52.4,54.7,54.8,51.3,47.4,44.2,53.8,51.1,59.4,68.4,48.9,49,49.3,59.4,1.6,-1.4,2.4,2.3,0.7,3.3,6.9,0.9873,14,9,5.41,7.5,16.6,17.6,3.3,37.5,59.3,3.5,96.5,12.88,7.91,2.9394,10.3,3434.3,22469.07375,73.3,103,103,97.9
2017/10/31,9.45,6.2,,,-1.3,6.7,6.6,3.6,-6.6,6.1,6.5,5,1.5,-12.6,2.5,15.4,-1.6,6.5,92.7,10.9,13.5,18.6,5,51.6,53.4,52.9,50.1,45.6,46.1,53.2,50.3,55.2,63.4,48.6,49,48.7,57,1.9,-0.4,2.4,2.3,1.1,3.2,6.9,1.3324,13,8.9,5.42,7.3,14.1,17.6,3.3,37.4,59.3,3.5,96.5,10.93,6.26,27.6937,10,3263.5,12208.50783,70.7,103,103,97.8
2017/11/30,8.67,6.1,,,-1.7,6.8,6.3,-0.7,-10.6,6.2,6.8,5,-2.7,-10.9,2.4,3,-2.9,6.8,109.6,8.8,20,10,-8.9,51.8,54.3,53.6,50.8,46.6,46.1,53.5,51,53.8,59.8,48.4,48.8,49.5,57.9,1.7,-1.1,2.5,2.3,0.9,3.1,5.8,1.2796,12.7,9.1,5.44,7.2,9.8,17.5,3.3,37.3,59.4,3.5,96.5,14.3,11.51,-75.1498,10.2,3157.7,19258.40196,70.7,103,103,97.7
2017/12/31,7.99,6.2,,,-0.9,6.5,5,0.5,-8.6,6.7,5.7,6.2,1.1,-7.1,6,2.9,-1.1,3.7,71.2,6.9,21.4,3.7,-2.5,51.6,54,53.4,51.9,46.3,45.8,53.6,51.2,54.4,62.2,48,48.5,49.3,58.7,1.8,-0.4,2.4,2.2,1.1,3,4.9,1.4211,11.8,8.1,5.21,7.2,9,17.4,3.3,37.3,59.4,3.7,96.3,8.09,10.73,59.8406,9.4,2449,16192.78045,70.7,103,103,97.7
2018/1/31,,15.434501,,,,,,,,,,,,,,,,,,,,,,51.3,53.5,52.6,49.5,45.3,47,52.9,50.4,51.8,59.7,48.8,48.3,49.2,56.8,1.5,-0.5,2,1.9,1,2.3,4.3,1.2579,15,8.6,5.6,,,,,,,,,22.04,10.65,-8.7522,,1900,31411.85812,,103,103,97.9
2018/2/28,6.35,-2.119883,,,,,,,,,,,,,,,,,,,,,,50.3,50.7,51,49,44.9,46.7,50.8,49.8,49.2,53.4,49.3,48.1,48.4,58.2,2.9,4.4,2.5,2.5,2.5,3.6,3.7,2.0132,8.5,8.8,5.43,7.9,,24.3,2.5,33.3,64.2,,,24.24,43.5,-82.1936,9.7,1200,11996.80383,,102.9,102.9,98
2018/3/31,6.76,6,,,-1.1,6.6,5.7,3.9,2.1,6.5,4.9,6.7,1.3,-4.75,2.1,0.4,4.16,8.2,105.3,9.8,8.4,-2.6,-2.4,51.5,53.1,53.3,51.3,46,47.3,53,51.3,48.9,53.4,49.6,49.1,50.1,58.7,2.1,2.1,2.1,2,1.6,2.8,3.1,1.4399,7.1,8.2,5.41,7.5,,21.1,2.9,35.5,61.6,,,5.3,-2.98,-91.6783,10.1,1800,15937.34201,,102.7,102.7,97.9
2018/4/30,9.01,7,,,-0.2,7.4,7.7,-6.4,3.3,7.1,6.8,7.1,4.1,-3.6,6.9,6.3,8.5,13.1,82.2,20.4,9.7,14.5,5.7,51.4,53.1,52.9,50.7,46.2,47.2,52.6,50.2,50.2,53,49.5,49,50.2,58.4,1.8,0.7,2.1,2,1.3,2.6,3.4,1.3756,7.2,8.3,5.65,7,,19.8,3,36.3,60.8,,,16.5,11.91,106.3015,9.4,2851,17747.95102,,102.3,102.3,97.8
2018/5/31,12.95,6.8,,,3,6.6,8.1,-2.9,3.1,6.1,8.4,4.2,3.5,-1.6,9.8,5.9,10.8,7.5,56.7,24.3,18.4,12.1,5.8,51.9,54.1,53.8,51.2,45.9,46.1,53,50.9,53.2,56.7,49.6,49.1,50.1,58.7,1.8,0.1,2.2,1.9,1.3,2.5,4.1,1.5355,6,8.3,5.72,6.1,,19.2,3.2,36.8,60,,,18.19,11.9,193.6293,8.5,3150.9,9517.129052,,101.9,101.9,97.7
2018/6/30,10.62,6,,,2.7,6,6.1,-1.9,-6,6.1,5.4,5.1,1.7,-4.7,6.7,5.6,7.2,12.8,36.6,4.2,12.1,-3.6,-3.9,51.5,53.6,53.2,49.8,45.5,46.3,52.8,50,53.3,57.7,48.8,49,50.2,57.9,1.9,0.3,2.2,1.9,1.5,2.4,4.7,1.8405,6.6,8,5.56,6,,18.68,3.3,37,59.7,,,12.06,10.7,20.3615,9,3444.5,14882.63495,,101.6,101.6,97.9
2018/7/31,9.4,6,,,1.3,6.2,6.2,-2.8,-4.4,6,6.1,4.9,-2,-4.3,5.7,10.5,8,14.9,17.9,16,3.8,-7.3,-3.6,51.2,53,52.3,49.8,45.7,47.1,51.5,49.6,50.5,54.3,48.9,49.2,50,56.6,2.1,0.5,2.4,1.9,1.8,2.5,4.6,2.1751,5.1,8.5,5.7,5.5,,18.52,3.4,37.1,59.5,,,18.25,11.6,-93.9411,8.8,2948.6,12234.64166,,101.2,101.2,98.3
2018/8/31,10.55,6.1,,,2,6.1,5.6,-1.2,2.3,6.4,4.9,5.6,4.2,-1.1,7.3,9.7,6.4,13.4,12.5,18.4,-0.4,0.5,6.8,51.3,53.3,52.2,49.4,46.7,47.4,51.8,49.1,54.3,58.7,48.7,49.4,49.6,57,2.3,1.7,2.5,2,2.1,2.6,4.1,2.2665,3.9,8.2,5.748635,5.3,,18.43,3.5,37.2,59.3,,,14.48,9.55,-148.6017,9,3243.8,19532.90031,,100.9,100.9,98.9
2018/9/30,10.34,5.8,,,2.2,5.7,5.6,2,1.6,6.3,3.2,6.2,5.2,-0.1,4.6,8.5,9.8,4.6,50,10.6,9.3,6,-2.8,50.8,53,52,48,45.2,47.4,51.5,48.5,54.3,59.8,47.8,48.3,49.7,56.4,2.5,3.6,2.2,1.7,2.7,2.1,3.6,2.6463,4,8.3,5.66707,5.4,,18.34,3.5,37.4,59.2,,,14.12,13.87,-175.6468,9.2,3246.6,21342.15556,,100.3,100.3,99.3
2018/10/31,10.08,5.9,,,3.8,6.1,4.6,-3.6,5.1,6.7,3.9,6.2,8,4.5,4.8,7.5,11.5,1.7,49.5,17,-0.4,5.2,4,50.2,52,50.8,46.9,44.3,47.1,51,47.6,52,58,47.2,48.1,49.5,56.4,2.5,3.3,2.4,1.8,2.8,2.1,3.3,2.7943,2.7,8,6.021918,5.7,,18.14,3.5,37.4,59.1,,,17.01,14.29,-29.2761,8.6,3094.8,7373.524657,,99.6,99.6,99.5
2018/11/30,10.85,5.4,,,2.3,5.6,3.9,2,-2.6,6.6,1.9,6.6,4.5,1.9,3.6,10.1,11.3,9.4,24.6,7.9,7.6,7.6,-5.9,50,51.9,50.4,47,44.3,48.6,50.8,47.1,46.4,50.3,47.4,48.3,50.3,54.2,2.2,2.5,2.1,1.8,2.2,2.1,2.7,2.1521,1.5,8,5.928527,5.9,,18.07,3.5,37.4,59.1,,,3.43,3.92,-178.9187,8.1,2598.8,16042.47561,,98.8,98.8,99.6
2018/12/31,11.58,5.7,,,3.6,5.5,3.6,-1.4,10.3,7,1.7,7.8,2.1,4.9,6.2,10,9.1,15.5,15.5,10.5,10.6,5.8,-2.9,49.4,50.8,49.7,46.6,44.1,48.2,49.8,45.9,43.3,44.8,47.1,48,50.4,52.7,1.9,2.5,1.7,1.8,1.7,2.1,0.9,1.433,1.5,8.1,5.51959,5.9,,18.92,3.5,37.4,59,,,-5.94,-4.61,-70.8673,8.160814,3856.6,16221.47242,,98.2,98.2,99.5
2019/1/31,,6.797753,,,,,,,,,,,,,,,,,,,,,,49.5,50.9,49.6,46.9,43.7,47.1,49.1,47.1,44.5,46.3,48.1,47.8,50.1,52.5,1.7,1.9,1.7,1.9,1.3,2.4,0.1,0.9575,0.4,8.4,5.956959,,,,,,,,,4.2,9.2,120.5383,,1700,46184.27389,,97.8,97.8,99.3
2019/2/28,7.08,3.360717,,,,,,,,,,,,,,,,,,,,,,49.2,49.5,50.6,45.2,43.6,46.4,48.3,44.8,48.5,51.9,46.3,47.5,49.8,56.2,1.5,0.7,1.7,1.8,1.1,2.1,0.1,1.0009,2,8,6.15157,6.1,,26.96,2.1,30.9,67,,,-13.5,-20.8,-150.4357,8.2,1600,7089.435886,,97.6,97.6,99.2
2019/3/31,8.05,8.5,,,4.6,9,4.7,,,10,4.2,14.2,2.7,5.4,5.4,9.8,11.4,14.2,41.6,3.1,22.3,1.9,5.5,50.5,52.7,51.6,47.1,46.4,47,51.2,48.7,51.4,53.5,48.4,47.6,50.2,56.8,2.3,4.1,1.8,1.8,2.4,2,0.4,1.9152,4.6,8.6,6.221085,6.3,,23.37,2.4,32.6,65,,,2.9,13.8,-61.4289,8.7,1500,28765.62104,,97.6,97.6,99.2
2019/4/30,8.94,5.4,,,2.9,5.3,6,,,6.3,2.5,5.1,0.1,3.4,3.8,7.9,11.5,5.3,17.1,5.7,15.4,2.1,9.4,50.1,52.1,51.4,49.2,44,46.5,51.1,49.7,52,53.1,47.2,47.2,49.9,56.5,2.5,6.1,1.7,1.7,2.9,2,0.9,1.9931,2.9,8.5,6.308075,6.1,,21.97,2.4,32.8,64.7,,,0.5,-2.8,-109.7964,7.2,3432.2,14074.47694,,97.7,97.7,99.3
2019/5/31,6.76,5,,,3.9,5,3.7,,,6.6,-0.3,7.8,3.5,5.7,0.2,12.9,11.5,9.9,16,0.8,6.4,0.6,19.8,49.4,51.7,49.8,46.5,44.3,48.1,50.5,47.1,49,51.8,47.4,47,50.9,54.5,2.7,7.7,1.6,1.6,3.2,1.9,0.6,2.1,3.4,8.5,6.218545,5.6,,21.18,2.68,33.62,63.7,,,-3.5,1,61.9562,8.6,3953.2,14526.80273,,97.7,97.7,99.4
2019/6/30,8.58,6.3,,,7.3,6.2,6.2,,,7.6,1.8,8.3,10.4,10.7,2.8,13.1,12.6,13.4,50.5,-1.7,2.4,2.8,19.8,49.4,51.3,49.6,46.3,44.5,48.1,49.7,46.8,45.4,49,48.2,46.9,50.2,53.4,2.7,8.3,1.4,1.6,3.2,1.8,0,1.8,4.4,8.5,6.136845,5.8,,20.6,2.82,33.46,63.72,,,-4,-1.3,-193.0143,9.8,3442.4,22998.3414,,97.7,97.7,99.4
2019/7/31,7.36,4.8,,,6.6,4.5,3.7,,,6.1,-0.2,7.3,12.2,5.9,0.6,6.1,9.6,2.2,9.1,-12.1,-3,9,-7.3,49.7,52.1,49.8,46.9,44.7,47,50.4,47.4,46.9,50.7,48,47.1,50.1,53.6,2.8,9.1,1.3,1.6,3.4,1.8,-0.3,1.8,3.1,8.1,6.371267,5.7,,20.88,2.8,33.75,63.45,,,-0.7,3.3,-61.4668,7.6,3284.5,10839.76598,,,,
2019/8/31,8.04,4.4,,,3.7,4.3,4.1,,,5.3,1.3,6,5,4.6,1.7,6.6,9.8,5.2,9.9,-12.8,-2.9,-5.2,4.9,49.5,51.9,49.7,47.2,44.8,47.8,49.3,46.7,46.7,48.6,47.5,46.9,50.3,53.3,2.8,10,1.1,1.5,3.6,1.6,-0.8,1.8,3.4,8.2,6.444751,5.5,,21.11,2.75,32.9,64.35,,,-3.2,-1,-53.8329,7.5,3944.4,20174.51806,,,,
2019/9/30,,5.8,,,8.1,5.6,4.9,,,6.9,2.9,6.7,4.4,3.2,4.7,10.6,6.9,11.1,-24.2,-4,10.6,3.9,7.6,49.8,52.3,50.5,48.2,44.7,47.1,50.4,47.1,49.9,52.2,47.6,47,50.5,54.4,3,11.2,1,1.5,4,1.3,-1.2,1.9,3.4,8.4,6.38,5.4,,21.25,2.51,30,67.49,,,-5.7,-3.2,,7.8,3581.9,22724.8,,,,
