date,gdp,gdp_1,gdp_2,gdp_3,gdp_nlmy,gdp_gy,gdp_zzy,gdp_jzy,gdp_pfls,gdp_jt,gdp_zscy,gdp_jr,gdp_fdc,gdp_xx,gdp_zl,gdp_qt,kqzs,gyzjz,gyzjz_qgy,gyzjz_zgy,gyzjz_cky,gyzjz_zzy,gyzjz_gy,gyzjz_jt,gyzjz_gfhz,gyzjz_gf,gyzjz_ws,gyzjz_sy,chanliang_ym,chanliang_jt,chanliang_fdl,chanliang_trq,chanliang_gc,chanliang_tc,chanliang_xny,chanliang_cd,chanliang_kt,chanliang_bx,chanliang_xyj,pmi,pmi_sc,pmi_xdd,pmi_xckdd,pmi_zsdd,pmi_ccpkc,pmi_cgl,pmi_jk,pmi_ccjg,pmi_ycljg,pmi__yclkc,pmi_cyry,pmi_pssj,pmi_yq,cpi,cpi_sp,cpi_fsp,cpi_hx,cpi_xfp,cpi_fw,ppi_gyp,rpi,M1,M2,gbcs,jchbye,ccl,gdzc,gdzc_xz,gdzc_fdc,gdzc_1,gdzc_2,gdzc_3,gdzc_zyxm,gdzc_dfxm,jckje,ckje,yhjshce,shxfplsze,zqfxl_gz,syyh_ldxbl,syyh_cdb,syyh_jxc,shrzgm,shrzgm_cl,syl,sybxj,jqzs_yj,jqzs_yz,jqzs_xx,jqzs_zh
2010/1/1,,,,,,,,,,,,,,,,,,29.2,,,,,,,,,,,51.49,29.83,36.46,13.23,37.71,74.65,,104.16,94.27,80.88,73.7,55.8,60.5,59.9,53.2,49.9,47.3,60.5,53.4,,68.5,52.2,50.6,51,,1.5,3.7,0.5,,2,0.2,4.32,1.8,38.96,25.98,4.38,,,,,,,,,,,44.53,21,368.09,14,260,,,,20550,,,,116.7,103.2,105.3,95.1
2010/2/1,,,,,,,,,,,,,,,,,26.2,12.8,7.5,15.2,,,13.3,7.1,7.1,13.9,12.1,15.2,11.9,17.3,7.9,12.19,18.1,3.3,,31.7,-9.5,21.1,22.7,52,54.3,53.7,50.3,47.1,47.3,51.9,49.1,,61.1,48.1,49.9,49.7,,2.7,6.2,1,,3,1.7,5.39,2.5,34.99,25.52,4.17,,,26.6,56.5,24.2,0.9,38.9,60.2,9.4,90.6,45.36,45.63,199.68,22.1,500,,,,10877,,,,118,104,105.9,95.5
2010/3/1,12.2,3.9,15.4,10,3.8,15.4,,16.1,16.2,11.6,6.2,10.2,11.2,,,6.6,29.02,18.1,13.4,20,,,18.2,13,10.2,19.3,16.3,21.5,23.8,23.7,17.6,16.1,28.1,8,,6.1,24.4,8.6,28.7,55.1,58.4,58.1,54.5,52,48.3,58.1,53.7,,65.1,50.6,52.9,50.5,,2.4,5.2,1,,2.7,1.3,5.91,2.3,29.94,22.5,4.35,20.7,1.96,26.4,66.9,22.1,1.2,41.8,57,7.7,92.3,42.86,24.21,288.64,18,1040,41.1,,,13830,,4.2,225,123.3,104,105.2,96.8
2010/4/1,,,,,,,,,,,,,,,,,29.08,17.8,14.1,19.4,,,17.6,12,12.6,19.1,16.8,21,16.79,31.5,21.4,11.92,31.5,22.2,,-10.4,27.5,29.7,34.4,55.7,59.1,59.3,54.5,53.4,46.2,60.1,53.1,,72.6,51.5,53.2,51.1,,2.8,5.9,1.3,,3.2,1.6,6.81,2.8,31.25,21.48,4.47,,,26.1,48.4,21.2,1.5,41.6,56.9,8.2,91.8,39.43,30.38,412.46,18.5,1582.9,,,,14919,,,,119.3,103.8,104.8,97.2
2010/5/1,,,,,,,,,,,,,,,,,27.58,16.5,13.6,17.8,,,16.8,10.4,16.1,18.3,14.7,19.6,13.39,20.5,18.9,8.59,23.6,11.6,,8.7,69.9,30.5,30.9,53.9,58.2,54.8,53.8,49.7,49.8,56,50.9,,58.9,51,52.1,50.9,,3.1,6.1,1.6,,3.4,1.8,7.13,3.1,29.9,21,4.51,,,25.9,45.9,20.7,1.6,41.9,56.6,8,92,48.37,48.44,177.97,18.66,1462.8,,,,10805,,,,112.7,103.3,103.8,97.3
2010/6/1,10.8,3.6,12.8,9.6,3.6,12.8,,13.8,14,10.7,7.4,8.3,3.9,,,9,22.2,13.7,12,14.5,,,13.3,5.3,10.1,14.5,13,16.7,3.6,6.4,11.4,6.01,15.9,11.2,,-0.1,47.3,23.5,24.1,52.1,55.8,52.1,51.7,47.4,51.3,53.5,50.4,,51.3,49.4,50.6,50,,2.9,5.7,1.6,,3.2,2.1,6.41,2.7,24.56,18.46,4.37,24.5,1.82,25.5,39.3,20.1,1.7,42.3,55.9,7.6,92.4,39.09,43.87,129.9,18.3,1412.1,42.4,,,10196,,4.2,221,109.3,102.6,103.2,97.6
2010/7/1,,,,,,,,,,,,,,,,,21.2,13.4,13.5,13.3,,,11.4,5.2,11.7,14,13,16.9,13.9,-1.3,11.5,3.2,9.7,12.5,,-11.8,45.6,20,45.4,51.2,52.7,50.9,51.2,46.8,49.9,52.2,49.3,,50.4,47.8,52.2,49.9,,3.3,6.8,1.6,,3.6,2.3,4.84,2.8,22.9,17.6,4.37,,,24.9,34.2,19.9,1.7,42.4,55.8,7.7,92.3,30.81,37.99,217.16,17.9,1561.7,,,,7202,,,,105.3,102.1,102.9,97.6
2010/8/1,,,,,,,,,,,,,,,,,19.79,13.9,13.1,14.2,,,11.7,8.1,12.5,14.7,13.4,18.4,10.4,0.2,12.6,8.45,11.5,8.9,,-10.7,34.8,22.4,26.5,51.7,53.1,53.1,52.2,48.2,46.9,51.9,48.4,,60.5,47.3,51.7,50.7,,3.5,7.5,1.5,,3.8,2.4,4.32,3,21.9,19.2,4.45,,,24.8,31.6,20.1,1.7,42,56.3,7.9,92.1,34.81,34.32,311.52,18.4,1726.6,,,,10646,,,,102.7,101.8,102.4,97.7
2010/9/1,9.9,4.3,11.5,9.6,4.3,11.3,,12.9,14,8.8,10.4,8.6,4.7,,,8.7,15.61,13.3,13,13.4,,,11,8.7,15.8,14.2,12,17.3,9.8,-0.8,8.1,8.72,4.5,0,,-2.6,42,29.7,12.6,53.8,56.4,56.3,52.7,50.9,45,56.2,52.9,,65.3,49.1,52.4,50.4,,3.6,8,1.4,,4,2.5,4.33,3,20.87,18.96,4.32,20.9,1.7,24.5,29.5,20.2,1.7,42,56.4,7.8,92.2,24.75,25.08,375.4,18.84,1068,42.1,,,11224,,4.1,211,106.7,101.9,102.5,98.1
2010/10/1,,,,,,,,,,,,,,,,,15.94,13.1,12.9,13.2,,,10.6,7.9,15.8,14.3,11.2,17,17.1,1.4,5.9,9.44,4.1,7.6,,-4.4,42.2,30.8,15.2,54.7,57.1,58.2,52.6,50.2,45.7,58.3,52.8,,69.9,49.5,52.1,49.3,,4.4,10.1,1.6,,5,2.5,5.04,3.9,22.1,19.3,4.21,,,24.4,28.9,20.3,1.7,42,56.4,7.9,92.1,24.07,22.84,582.98,18.64,1427,,,,8608,,,,106.7,102.4,102.3,98.6
2010/11/1,,,,,,,,,,,,,,,,,14.23,13.3,12.7,13.6,,,10.9,10.8,13.3,14.4,11.7,17.3,21.4,0.5,5.6,5.83,4.6,9.8,,-2.7,33.6,29,23.7,55.2,58.5,58.3,53.2,50.5,47.7,57.4,50.6,,73.5,49.7,52,48.9,,5.1,11.7,1.9,,5.9,2.6,6.06,4.7,22.1,19.5,4.14,,,24.9,28.5,20.3,1.6,42,56.3,8,92,36.44,34.86,439.28,18.7,1364,,,,10554,,,,106.7,102.8,102,99.3
2010/12/1,9.9,4.7,11.6,9.5,4.7,11.3,,13.6,14.3,7,8.8,8.5,10.1,,,7.5,,13.5,13,13.7,,,9.8,7.9,14.1,15,11.4,18.6,,-2.3,5.1,18.27,3.5,2.7,,-2.9,48.4,11.1,12.3,53.9,57.5,55.4,53.5,50.7,48.7,56.8,50.4,,66.7,50.8,51.5,49.6,,4.6,9.6,2.1,,5.1,2.8,5.93,4.1,21.19,19.72,3.92,28.7,2,24.5,18.8,20,1.6,41.9,56.5,9.4,90.6,21.6,17.87,526.1,19.1,1176.8,42.2,64.5,2.5,10780,27,4.1,209,109.3,103.6,101.5,101.2
2011/1/1,,,,,,,,,,,,,,,,,,13.3,,,,,,,,,,,8.06,-6.67,8.72,15.39,11.97,11.86,,-13.57,57.84,25.33,9.06,52.9,55.3,54.9,50.7,46.5,47.9,57.7,53,,69.3,52,49,49.5,,4.9,10.3,2.6,,5,4.6,6.6,3.7,13.6,17.2,3.78,,,,,,,,,,,44.19,37.64,635.9,19.9,900,,,,17560,,,,105.3,102.8,101.2,101.2
2011/2/1,,,,,,,,,,,,,,,,,14.66,14.9,13.1,15.6,,,10.5,11.7,27.7,16.5,12.2,21.7,20.1,12.9,15.4,14.77,17.4,19.2,,-8.5,51.1,4.2,3.3,52.2,53.8,54.3,50.9,46.6,46.4,54.5,53.9,,70.1,49.5,48.9,48.2,,4.94,11,2.3,,5.4,3.8,7.23,4.3,14.5,15.7,3.85,,,24.9,15.3,24.4,1.2,41,57.8,7.9,92.1,10.82,2.35,251.65,11.6,580,,,,6468,,,,105.3,103,101.4,102.2
2011/3/1,10.2,3.1,11.3,9.9,3.3,11.5,,10.3,12.3,9.3,4.7,11.6,8.8,,,9,14.15,14.8,12.8,15.6,,,12.9,8.9,17.3,16.5,11.6,19.2,18.79,13.3,14.8,5.89,13.7,18.9,,3,41.1,24.8,22.3,53.4,55.7,55.2,52.5,51.4,51.3,54.1,52,,68.3,51.6,51.8,50.4,,5.38,11.7,2.7,,5.9,4.2,7.31,4.6,15,16.6,3.94,29,1.5,25,30.8,22.4,1.7,43.1,55.2,6.4,93.6,31.5,35.76,400.27,17.4,1180,41.3,64.1,2.6,18212,,4.1,195,105.3,102.5,101.7,101.7
2011/4/1,,,,,,,,,,,,,,,,,12.37,13.4,11.9,14,,,10.4,8.1,15.3,15.4,9.7,18,18.21,11.8,11.7,-0.19,8.3,3.5,,5.7,32.5,10.8,31.9,52.9,55.3,53.8,51.3,50.7,50.8,53.8,50.6,,66.2,52,51.8,50.6,,5.34,11.5,2.7,,5.9,3.9,6.82,4.7,12.9,15.3,3.92,,,25.4,33.6,21.3,1.9,43.3,54.8,6.6,93.4,25.88,29.82,489.25,17.1,1239.7,,,,13673,,,,105.3,103.1,102,102.6
2011/5/1,,,,,,,,,,,,,,,,,12.09,13.3,12.9,13.5,,,8.9,9.5,11.9,15.2,9.5,18.7,23.94,11.9,12.1,5.2,10.6,20,,6.7,29.4,16,27.3,52,54.9,52.1,51.1,47.7,50,53.6,50.5,,60.3,49.5,50.9,49.9,,5.52,11.7,2.9,,6.2,3.9,6.79,4.9,12.7,15.1,3.89,,,25.8,37,20.8,2.1,43.8,54.1,6.3,93.7,23.5,19.28,602.88,16.9,1461,,,,10854,,,,109.3,102.9,101.9,102.8
2011/6/1,10,2.7,11,10.2,2.8,11.3,,9.7,12.2,9.3,4.9,10.4,8.6,,,10.4,12.44,15.1,13.9,15.6,,,10.7,11.2,13.6,17.2,11.3,20.8,15.15,14.9,16.2,9.4,14.8,17.9,,10,37.6,22.1,31.9,50.9,53.1,50.8,50.5,45.9,51,51.5,48.7,,56.7,48.5,50.2,49.8,,6.36,14.4,3,,7.4,4,7.12,5.8,13.1,15.9,3.84,32.7,0.8,25.6,38.4,21.1,2.3,43.8,53.9,5.9,94.1,18.51,17.88,418.52,17.7,1342.5,42,64,2.7,10873,,4.1,195,113.3,102.9,102.1,102.9
2011/7/1,,,,,,,,,,,,,,,,,11.63,14,12.8,14.5,,,9.5,9.2,14.1,15.8,10.6,19.7,16.19,19.8,13.2,10.09,14.9,17.8,,19.5,28.7,21.1,14.8,50.7,52.1,51.1,50.4,46.5,49.2,52,49.1,,56.3,47.6,50.5,50.3,,6.45,14.8,2.9,,7.6,3.7,7.54,6.1,11.6,14.7,3.82,,,25.4,33.2,20.9,2.3,43.8,53.9,6,94,22.05,20.43,401.48,17.2,1307.9,,,,5393,,,,108,102.9,101.9,103
2011/8/1,,,,,,,,,,,,,,,,,10.28,13.5,13.4,13.5,,,9.4,8.7,14.8,15.5,10,18.8,17.35,22.6,10,5.06,12.9,23.3,,20.2,36.5,13.5,11.7,50.9,52.3,51.1,48.3,47.6,48.9,51.2,49.7,,57.2,48.8,50.4,49.9,,6.15,13.4,3,,7.3,3.4,7.25,6,11.2,13.5,3.81,,,25,35,20.9,2.3,43.8,53.9,5.9,94.1,27.02,24.42,341.38,17,1330,,,,10741,,,,108,102.7,101.3,102.8
2011/9/1,9.4,4.1,10.7,9.4,4.2,11,,9.6,12.1,10.3,5.2,5,8.8,,,9.9,12.62,13.8,12.8,14.3,,,9.9,7.2,15.5,16,10.1,19.1,10.4,18.1,11.5,4.58,18.8,28.5,,9,4.5,16.9,12.8,51.2,52.7,51.3,50.9,48.9,49.9,51.5,50.1,,56.6,49,51,49.5,,6.07,13.4,2.9,,7.3,3,6.52,6,8.9,13,3.71,32.8,1.4,24.9,37.4,20.8,2.3,43.7,53.9,5.9,94.1,18.77,17.01,163.89,17.7,1105.6,42.8,65.3,2.7,4279,,4.1,199,101.3,102.5,100.6,102.6
2011/10/1,,,,,,,,,,,,,,,,,11.46,13.2,12.1,13.7,,,8.9,9.2,17.3,15.1,9.6,19.2,7.3,10.7,9.3,5.07,13.4,22.3,,2.8,-3.8,26.9,10.4,50.4,52.3,50.5,48.6,46,50.3,50.7,47,,46.2,48.5,49.7,50.7,,5.5,11.9,2.7,,6.6,2.8,5,5.3,8.4,12.9,3.84,,,24.9,37,20.7,2.3,43.8,53.9,5.9,94.1,21.44,15.77,25.86,17.2,598.2,,,,7908,,,,101.3,102,100.1,101.7
2011/11/1,,,,,,,,,,,,,,,,,10.06,12.4,12.4,12.4,,,7.8,6.8,14.9,14.4,8.4,19.1,4.4,3.6,8.5,7.38,7.8,11.6,,16.8,-1,27.5,-9.3,49,50.9,47.8,45.6,45.2,53.1,49.8,47.3,,44.4,46.7,49,50.4,,4.23,8.8,2.2,,5,2.4,2.72,4,7.8,12.7,3.81,,,24.5,36.4,20.6,2.3,43.8,53.9,6,94,17.53,13.77,-1.92,17.3,841.6,,,,9581,,,,101.3,100.9,100.3,101
2011/12/1,8.8,5.4,9.9,8.5,5.5,10.1,,9.5,13.2,9.6,5.5,3.7,3.9,,,9.1,,12.8,12.6,13,,,9.2,11.4,18.7,14.7,8.7,18.8,,2.2,9.7,8.68,6,11.6,,22.9,4.5,32.8,-1.9,50.3,53.4,49.8,48.6,46.6,50.6,50.9,49.1,,47.1,48.3,48.7,50.1,,4.07,9.1,1.9,,4.9,2,1.69,3.8,7.9,13.6,3.79,23.2,2.3,23.8,29.2,20.4,2.2,43.7,53.9,7.2,92.8,12.58,13.32,15.35,18.1,560,43.2,64.9,2.7,12744,18.2,4.1,197,101.3,99.3,100.2,100
2012/1/1,,,,,,,,,,,,,,,,,,2.8,,,,,,,,,,,-9.2,1.93,-4.32,3.73,-1.07,-6.04,,-13.71,-28.72,11.52,-26.94,50.5,53.6,50.4,46.9,43.2,48,50.2,46.9,,50,49.7,47.1,49.7,,4.5,10.5,1.8,,5.5,2.2,0.73,4.1,3.1,12.4,3.61,,,,,,,,,,,-7.75,-0.55,189.37,13.1,280,,,,9754,,,,98.7,98.6,100.9,99.9
2012/2/1,,,,,,,,,,,,,,,,,14.5,21.3,23.6,20.4,,,14.7,15.8,11.2,23.8,17.1,30.6,21.1,4.72,20.62,10.04,10.68,47.25,,42.66,28.45,7.91,22.47,51,53.8,51,51.1,49.4,50.5,53.6,50.8,,54,48.8,49.5,50.3,,3.2,6.2,1.7,,3.9,1.5,0.03,2.9,4.3,13,3.88,,,21.5,42.5,25.6,1.4,42.2,56.4,6,94,29.61,18.34,48.13,16.4,840,,,,10431,,,,95.3,98.8,100.8,99.5
2012/3/1,8.1,3.7,9.5,7.3,3.8,9.4,,10.2,10.1,5.7,6.2,6.8,0.6,,,8.9,5.79,11.9,13.9,11.2,,,8,9.3,16.1,13.7,8.2,17.7,4.9,10.9,7.2,9.16,10.2,17,,25,-3.7,1.1,-1.4,53.1,55.2,55.1,51.9,50.5,50.8,54.8,51.5,,55.9,49.5,51,48.9,,3.6,7.5,1.8,,4.4,1.5,-0.32,3.5,4.4,13.4,3.95,17.7,2.2,20.9,29.8,22.8,1.9,44.4,53.7,5,95,7.07,8.84,13.79,15.2,560,45.66,64.53,2.76,18704,,4.1,189,91.3,98.6,100.5,99
2012/4/1,,,,,,,,,,,,,,,,,5.13,9.3,10.3,8.9,,,4.3,6.6,9.9,10.7,5.7,15.3,6.7,7.3,0.7,8.64,7.9,12,,22.9,8.1,1.6,-6.3,53.3,57.2,54.5,52.2,48.4,49.5,54.4,50.5,,54.8,48.5,51,49.6,,3.4,7,1.7,,4.1,1.7,-0.7,3.1,3.1,12.8,3.96,,,20.2,26.3,20.9,2.2,44.7,53.1,5.4,94.6,2.58,4.84,-67.73,14.1,1383.1,,,,9637,,,,87.3,97.9,99.9,98
2012/5/1,,,,,,,,,,,,,,,,,5.56,9.6,9.1,9.8,,,6.6,6.4,5.8,11,6.7,13.7,5.1,5.2,2.7,5.18,6.3,6.6,,5.8,3,0.2,2.6,50.4,52.9,49.8,50.4,43.6,52.2,50.8,48.1,,44.8,45.1,50.5,49,,3,6.4,1.4,,3.6,1.7,-1.4,2.5,3.5,13.2,4.06,,,20.1,23.5,20.4,2.4,45.1,52.5,5.1,94.9,14.18,15.27,46.44,13.8,1414.1,,,,11432,,,,84.7,97.5,99.6,97.1
2012/6/1,7.7,4.6,8,7.8,4.7,7.7,,9.5,9.9,6.1,6,9.3,1.9,,,8.9,3.78,9.5,9,9.6,,,6.5,7.4,8.2,11.5,5.5,13,3.9,4.3,0,2.91,6.7,25.5,,-1.9,-6.2,2.2,3.9,50.2,52,49.2,47.5,43.3,52.3,46.9,46.5,,41.2,48.2,49.7,49.1,,2.2,3.8,1.4,,2.3,1.9,-2.08,1.4,4.7,13.6,4.06,12.1,2.1,20.4,20.3,20.3,2.4,45,52.6,5,95,8.76,11.08,-101.18,13.7,1351.9,46.69,64.33,2.73,17802,,4.1,206,84.7,97.3,99.2,96.6
2012/7/1,,,,,,,,,,,,,,,,,2.35,9.2,10.1,8.8,,,4.8,7.1,2.6,10.9,5.3,14.4,5.8,1.2,2.1,1,6.5,6.8,,4,-18,-5.8,6.8,50.1,51.8,49,46.6,41.9,48,46.8,45,,41,48.5,49.5,49,,1.8,2.4,1.5,,1.7,2,-2.87,0.8,4.6,13.9,4.08,,,20.4,23.6,20,2.5,45,52.6,5.1,94.9,2.61,1.01,27.37,13.1,1250,,,,10522,,,,88,96.9,99.3,96.1
2012/8/1,,,,,,,,,,,,,,,,,1.41,8.9,8.6,9,,,5.3,6.6,5,10.4,5,14.3,-4.7,-2.8,2.7,5.49,1.4,7.7,,3.6,1.9,-0.5,-5.9,49.2,50.9,48.7,46.6,45.1,48.2,48.8,47,,46.1,45.1,49.1,50,,2,3.4,1.4,,2.1,2,-3.48,1,4.5,13.5,4.05,,,20.2,23.1,20,2.5,44.7,52.8,5.2,94.8,0.21,2.67,-70.7,13.2,1330.6,,,,12475,,,,88,96.8,99.9,95.9
2012/9/1,7.5,4.1,7.7,8.2,4.1,7.4,,9.7,10.3,5.5,6.7,10.4,6.9,,,7.8,2.4,9.2,9,9.3,,,6.3,7,5.3,11,5.3,12.6,-3.5,-2.8,1.5,8.76,4.9,6.2,,15.1,13.7,7.7,25.4,49.8,51.3,49.8,48.8,46.5,47.9,49.8,47.7,,51,47,48.9,49.5,,1.9,2.5,1.7,,1.8,2.3,-3.55,0.9,7.3,14.8,4,11.2,2.1,20.5,26.7,19.9,2.5,44.2,53.2,5.3,94.7,6.22,9.75,65.46,14.2,1183.3,45.23,65.28,2.77,16462,,4.1,208,90.7,97.2,100.4,95.4
2012/10/1,,,,,,,,,,,,,,,,,4.86,9.6,9.1,9.7,,,7,5.1,7.3,11.7,4.7,13.8,-2,6,6.4,9.75,11.7,13.6,,18.9,31,3.4,-0.2,50.2,52.1,50.4,49.3,43.8,48.1,51.2,48.4,,54.3,47.3,49.2,50.1,,1.7,1.8,1.7,,1.5,2.3,-2.76,0.9,6.1,14.1,3.99,,,20.7,28.7,19.7,2.6,44,53.4,5.4,94.6,7.19,11.54,24.62,14.5,938.2,,,,12906,,,,90.7,97.6,100.4,95.5
2012/11/1,,,,,,,,,,,,,,,,,6.15,10.1,9.2,10.5,,,7.2,6.5,10.3,11.8,6.5,13.7,2.1,13.1,7.9,11.83,16.5,9.7,,6.2,17.9,5.3,5.7,50.6,52.5,51.2,50.2,45.3,48.8,51.4,48.5,,50.1,47.9,48.7,49.9,,2,3,1.6,,1.9,2.3,-2.2,1.1,5.5,13.9,4.02,,,20.7,29.5,19.9,2.5,43.8,53.7,5.5,94.5,1.52,2.84,180.07,14.9,931.5,,,,11225,,,,90.7,98.2,100.4,95.8
2012/12/1,8.1,5,8.5,8.7,5.1,8.2,,9.7,10.8,7,6.9,11.6,9.1,,,7,,10.3,9.6,10.6,,,8,5.2,0.9,12.1,6.9,12.9,,5.9,7.6,5.6,13.5,13.6,,-2.7,25.2,6.7,-1.2,50.6,52,51.2,50,45.9,49.4,52.1,49,,53.3,47.3,49,48.8,,2.5,4.2,1.7,,2.5,2.5,-1.94,1.5,6.5,13.8,3.86,12.3,3.3,20.6,24.3,19.7,2.5,43.5,54,6.5,93.5,10.35,14.02,508.8,15.2,570.1,45.83,65.31,2.75,16282,19.1,4.1,204,90.7,98.3,100.7,95.9
2013/1/1,,,,,,,,,,,,,,,,,,17.7,,,,,,,,,,,21.1,8.6,21.29,11.2,21.3,49.6,,,,15.7,49,50.4,51.3,51.6,48.5,44.4,47.4,53.2,49.1,,57.2,50.1,47.8,50,55.9,2.03,2.88,1.61,1.5,1.98,2.16,-1.64,1.3,15.3,15.9,3.92,,,,,,,,,,,27.05,24.97,379.86,,1120,,,,25446,,,,93.3,98.1,100.8,96.3
2013/2/1,,,,,,,,,,,,,,,,,-3.73,2.2,,,,,,,,,,,-7.34,11.1,-13.7,5.2,7.5,-8.9,,,-33.04,-2.2,-26.2,50.1,51.2,50.1,47.3,44.4,46.6,50.2,48.1,,55.5,49.5,47.6,48.3,64.6,3.22,5.99,1.85,1.8,3.25,3.13,-1.63,2.1,9.5,15.2,3.96,,,21.2,28.9,26,1.3,40.1,58.6,5.2,94.8,1.11,21.76,232.02,12.3,780,,,,10705,,,,93.3,97.4,100.2,96.1
2013/3/1,7.9,3,7.8,8.4,3.2,7.6,,9.9,10.1,6.4,3.4,10.9,9.8,,,7,4.35,8.9,8.2,9.1,,,4.3,5.8,1,11,6.1,13.3,-1.69,8.5,2.1,5.59,9.2,16.9,,3.1,24.3,13.8,14.5,50.9,52.7,52.3,50.9,47.1,50.2,51.9,48.9,,50.6,47.5,49.8,51.1,65.5,2.07,2.68,1.77,1.9,1.67,3.08,-1.92,0.8,11.9,15.7,4.08,11.9,2,20.9,22.4,22.6,1.6,42.4,56,4.6,95.4,12.01,9.98,403.88,12.6,440,45.36,64.68,2.57,25503,,4.1,201,90.7,97.8,99.99,96.4
2013/4/1,,,,,,,,,,,,,,,,,5.31,9.3,8.5,9.6,,,4.3,5.7,7.7,10.9,7.4,13.6,-4.83,4.9,6.2,12.84,8.1,17.3,,1.4,3.8,12.6,5.6,50.6,52.6,51.7,48.6,43.6,47.7,51,48.7,,40.1,47.5,49,50.8,59.3,2.39,4.05,1.58,1.8,2.16,2.94,-2.62,0.9,11.9,16.1,4.11,,,20.6,21.5,21,1.9,42.8,55.2,4.9,95.1,15.53,14.59,268.12,12.8,1731.1,,,,17629,,,,86.7,97.8,99.6,96
2013/5/1,,,,,,,,,,,,,,,,,4.19,9.2,8,9.8,,,4.4,4,8.8,10.7,8.1,13,-6.34,7,4.1,6.62,11.26,19.95,,5.43,-13.57,28.52,3.45,50.8,53.3,51.8,49.4,44.9,48.6,51.5,50.3,,45.1,47.6,48.8,50.8,56.3,2.1,3.23,1.55,1.8,1.81,2.82,-2.87,0.7,11.3,15.8,4.18,,,20.4,22.5,20.4,2.1,43.2,54.7,4.7,95.3,0.24,0.91,103.84,12.89,1810,,,,11871,,,,90.7,97.6,99.8,96
2013/6/1,7.6,2.6,7.6,8.3,2.8,7.3,,9.7,10.5,6.3,3.7,9.8,7.5,,,7.8,6.11,8.9,7.9,9.3,5.8,9.6,6.3,1.7,8.9,10.5,7.8,10.9,-6.3,5.65,6.01,12.56,7.22,23.25,,4.08,15.92,6.12,15.22,50.1,52,50.4,47.7,42.9,48.2,49.5,47.9,,44.6,47.4,48.7,50.3,54.1,2.67,4.93,1.59,1.7,2.65,2.72,-2.7,1.4,9.1,14,4.09,13,2.1,20.1,23.1,20.3,2.1,43,54.8,4.6,95.4,-2.08,-3.11,-4.08,13.31,709.3,43.68,65.17,2.59,10375,,4.1,202,88,97.7,99.9,95.9
2013/7/1,,,,,,,,,,,,,,,,,8.63,9.7,8.2,10.3,5.5,10.5,8.1,3.6,6.7,11.1,7.9,11.6,-3.2,5.62,8.09,12.42,10.86,22.79,,-9.98,26.66,3.42,4.09,50.3,52.4,50.6,49,44.7,47.3,50,48.4,,50.1,47.6,49.1,50.1,56.4,2.67,5.02,1.56,1.6,2.65,2.72,-2.27,1.7,9.7,14.5,4.14,,,20.1,21.5,20,2.2,43.2,54.6,4.8,95.2,7.77,5.09,-68.65,13.21,1160,,,,8191,,,,88,98.1,99.95,96
2013/8/1,,,,,,,,,,,,,,,,,11.14,10.4,9.2,10.8,5.8,10.9,9.5,2.9,5,11.7,8.7,12,-2.3,10.9,13.4,9.85,15.62,23.63,,2.33,24.59,3.35,15.23,51,52.6,52.4,50.2,44.8,47.6,52,50,,53.2,48,49.3,50.4,59.4,2.57,4.73,1.53,1.6,2.52,2.69,-1.62,1.6,9.9,14.7,4.12,,,20.3,21.4,19.8,2.2,43.1,54.7,4.8,95.2,7.15,7.1,83.31,13.37,1327.3,,,,15841,,,,90.7,98.4,99.9,96
2013/9/1,7.9,3.9,8.3,8.5,4,8.1,,10,10.5,6.9,4.1,11.1,7.1,,,7.7,9.91,10.2,,,4.9,11.1,7.8,3.8,8.8,11.1,9.4,12.8,0,14.57,8.19,6.59,15.5,23.85,,-4.54,9.19,9.46,8.76,51.1,52.9,52.8,50.7,46.2,47.4,52.5,50.4,,54.5,48.5,49.1,50.8,58.4,3.05,6.1,1.59,1.7,3.09,2.95,-1.34,1.9,8.9,14.2,4.09,11.5,2.1,20.2,17.7,19.8,2.2,42.9,54.9,4.9,95.1,3.22,-0.43,268.09,13.31,1011.7,42.8,65.63,2.63,14120,,4.04,203,90.7,98.5,99.6,96.3
2013/10/1,,,,,,,,,,,,,,,,,9.82,10.3,,,4.3,11.4,8.4,5.4,5.8,11.1,9.6,11.9,1.6,9.18,8.43,9.36,12.33,28.04,,-12.96,11.83,13.12,3.03,51.4,54.4,52.5,50.4,45.5,45.6,52.7,50,,53.3,48.6,49.2,50.8,57.5,3.21,6.55,1.62,1.8,3.25,3.11,-1.51,1.9,8.9,14.3,4.14,,,20.1,17.5,19.5,2.2,42.9,54.9,5,95,6.46,5.57,359.38,13.32,1268,,,,8645,,,,93.3,98.4,99.6,96.2
2013/11/1,,,,,,,,,,,,,,,,,8.76,10,,,5.6,11,9.1,2.4,0.9,11.1,9.5,11,2.5,7.24,6.77,6.44,9.96,35.22,,-3.32,6.82,12.76,9.48,51.4,54.5,52.3,50.6,45.3,47.9,53.6,50.5,,52.5,47.8,49.6,50.6,54.9,3.02,5.94,1.63,1.8,2.91,3.28,-1.42,1.67,9.4,14.2,4.15,,,19.9,22.6,19.8,2.2,42.7,55.1,5.3,94.7,9.2,12.68,366.45,13.72,1052.1,,,,12310,,,,90.7,98.3,99.5,95.9
2013/12/1,7.7,4.7,8.1,8.1,4.8,7.9,,9.3,10.9,6.8,4.3,10.5,4.8,,,7.3,,9.7,,,5.4,10.7,8.3,3.4,11,10.8,8.9,11,,9.22,8.31,11.08,10.32,28.35,,0.66,13.06,-1.36,9.41,51,53.9,52,49.8,45.1,46.2,52.7,49,,52.6,47.6,48.7,50.5,49.4,2.5,4.05,1.74,1.8,2.18,3.29,-1.36,1.25,9.3,13.6,4.08,7.4,2.3,19.6,22.5,19.7,2.1,42.3,55.5,5.7,94.3,6.06,4.15,310.22,13.6,964.9,44.03,66.08,2.68,12532,17.5,4.05,197,90.7,98.2,99.3,95.9
2014/1/1,,,,,,,,,,,,,,,,,,8.5,,,,,,,,,,,-6.5,1.64,,3.23,,,,,,,,50.5,53,50.9,49.3,45.7,46.5,51,48.2,,49.2,47.8,48.2,49.8,51.3,2.49,3.67,1.89,2,2.01,3.67,-1.64,1.11,1.2,13.2,3.9,,,,,,,,,,,10.26,10.54,733.15,,540,,,,26004,,,,88,97.9,99.3,95.5
2014/2/1,,,,,,,,,,,,,,,,,9.2,8.8,,,,,,,,,,,2.1,2.91,15.98,13.5,,,,,,,,50.2,52.6,50.5,48.2,45.1,47.8,49.4,46.5,,47.7,47.4,48,49.9,61.8,1.95,2.65,1.59,1.7,1.57,2.91,-2,0.75,6.9,13.3,4.13,,,17.9,-0.4,26.3,1.3,38.7,60,4.9,95.1,-4.95,-18.13,457.48,11.82,560,,,,9370,,,,84,97.6,99.3,95.8
2014/3/1,7.4,3.2,7.6,7.6,3.4,7.3,,9.4,10.2,6,5.6,8.6,2.6,,,8.1,6.41,8.8,,,2.9,9.9,4.6,1.7,11.4,10.1,7.8,11.3,3.4,-5.3,6.2,7.6,5,13.7,,19.9,12.2,1.3,-3,50.3,52.7,50.6,50.1,44.8,48.3,50.3,49.1,,44.4,47.8,48.3,49.8,62.7,2.38,4.07,1.55,1.7,2.23,2.78,-2.3,1.2,5.4,12.1,4.22,8.3,1.8,17.6,13.7,22.5,1.7,41.4,56.9,4.4,95.6,-9.06,-6.64,401.74,12.24,840,46.29,65.89,2.58,20934,,4.08,202,84,96.7,99.8,95.4
2014/4/1,,,,,,,,,,,,,,,,,5.58,8.7,,,4.5,9.8,5.7,1.7,10,10.3,7,11.2,-1.3,-3.2,4.4,3.3,5.4,21.48,,15.73,8.96,-0.9,1.14,50.4,52.5,51.2,49.1,44.9,47.3,50.6,48.6,,48.3,48.1,48.3,50.1,59.6,1.8,2.29,1.56,1.6,1.44,2.69,-2,0.81,5.5,13.2,4.28,,,17.3,16.7,20.8,2,41.8,56.2,4.3,95.7,0.77,0.81,97.05,11.9,1756.7,,,,15259,,,,84,96.9,99.7,96.2
2014/5/1,,,,,,,,,,,,,,,,,6.79,8.8,,,4.3,9.9,6.1,5,11.5,10.3,6.5,11.3,-2.3,-3.1,5.9,8.2,6.09,13.56,,18.69,15.99,-3.4,-7.46,50.8,52.8,52.3,49.3,46,47.1,52.3,49,,50,48,48.2,50.3,56.2,2.48,4.1,1.68,1.7,2.38,2.71,-1.45,1.65,5.7,13.4,4.32,,,17.2,19.3,20,2.1,42,55.8,4.3,95.7,2.97,7.07,39.12,12.51,1536.4,,,,14013,,,,88,97.2,99.9,96.3
2014/6/1,7.5,4,7.8,7.6,4.1,7.5,,9.5,9.9,6.8,6,7.7,2.4,,,8.5,6.76,9.2,,,7.9,9.8,7.3,3.3,8.9,10.8,7.4,10.9,-2,-0.5,5.7,2.5,7.1,9.45,,7.43,23.18,2.8,-2.26,51,53,52.8,50.3,46.2,47.3,52,49.2,,50.1,48,48.6,50.5,54.8,2.34,3.68,1.67,1.7,2.22,2.62,-1.11,1.6,8.9,14.7,4.32,8.6,1.7,17.3,21.5,19.7,2.3,41.9,55.8,4.5,95.5,6.36,7.19,154.07,12.4,818.9,47.52,65.4,2.62,19673,,4.08,207,88,97.3,99.8,96.5
2014/7/1,,,,,,,,,,,,,,,,,5.55,9,,,6.2,10,5.8,4.4,8.9,10.2,6.3,11.5,-1.6,2.84,3.33,6.3,3.69,9.48,,14.21,7.39,-5.22,6.14,51.7,54.2,53.6,50.8,46.4,47.6,53,49.3,,50.5,49,48.3,50.2,55.3,2.29,3.6,1.64,1.7,2.18,2.54,-0.87,1.58,6.7,13.5,4.32,,,17,21.3,19.4,2.3,42.1,55.6,4.5,95.5,6.8,14.43,11.86,12.22,1425.9,,,,2737,,,,80,97,100.2,96.2
2014/8/1,,,,,,,,,,,,,,,,,3.99,6.9,,,4.2,8,4,1.2,5.5,8.7,3.8,8.7,-0.98,1.4,-2.2,8,2.43,6.13,,3,12.51,-4,-7.54,51.1,53.2,52.5,50,45.9,48.1,51.9,48.5,,49.3,48.6,48.2,50,57.9,1.99,3.05,1.47,1.6,1.84,2.36,-1.2,1.18,5.7,12.8,4.31,,,16.5,24.4,19.3,2.4,42.1,55.5,4.6,95.4,3.95,9.36,-8.2,11.9,1450.2,,,,9577,,,,79.3,96.6,99.8,95.6
2014/9/1,7.1,4.6,7.3,7.5,4.7,6.9,,9,9.6,6.2,5.7,9.1,1.3,,,8.6,5.42,8,,,3.9,9.1,4.8,-1,4.7,9.3,6.4,8.8,-7,-0.96,4.12,8.8,1.73,6.03,,7.02,7.82,-4.8,-10.29,51.1,53.6,52.2,50.2,45.6,47.2,51.2,48,,47.4,48.8,48.2,50.1,56,1.63,2.32,1.28,1.5,1.36,2.27,-1.8,0.66,4.8,12.9,4.21,8.4,2.3,16.1,22.3,19.2,2.4,42,55.6,4.7,95.3,11.25,15.24,-163.42,11.57,1215.1,48.53,64.17,2.68,11355,,4.07,209,76,96.3,99.9,95
2014/10/1,,,,,,,,,,,,,,,,,4.27,7.7,,,4.7,8.5,5.5,-1.6,-1.4,9.1,5.7,8.7,-8.5,-1,1.9,8.3,2,3.8,,-5.55,8.29,0.2,-3.63,50.8,53.1,51.6,49.9,44.7,47.9,50.7,47.9,,45.1,48.4,48.4,50.1,54.1,1.6,2.5,1.16,1.4,1.45,1.97,-2.24,0.61,3.2,12.6,4.29,,,15.9,23.8,19,2.4,41.9,55.7,4.8,95.2,8.33,11.59,-272.37,11.52,1654.9,,,,6807,,,,73.3,96.2,99.4,94.3
2014/11/1,,,,,,,,,,,,,,,,,4.31,7.2,,,3,8.1,2.8,-2.5,-1.6,8.7,4.4,8.7,-4.9,-0.8,0.6,8,1.2,-2.07,,-6.48,8.23,-6.8,-6.43,50.3,52.5,50.9,48.4,43.9,47.2,50.5,47.3,,44.7,47.7,48.2,50.3,52.2,1.44,2.31,1.01,1.3,1.28,1.84,-2.69,0.44,3.2,12.3,4.32,,,15.8,24.2,19.2,2.4,41.7,55.9,4.9,95.1,-0.55,4.69,-99.31,11.72,1381,,,,11459,,,,73.3,96.2,99.2,93.9
2014/12/1,7.2,3.9,7,8.4,4.1,6.6,,8.7,9.3,6.9,5.8,14.4,1.9,,,8.8,4.29,7.9,,,3.4,8.9,3.8,0.9,6.4,9.3,5.4,9.5,,1.1,1.3,8.9,6.4,10.7,,-6.7,0.1,-6.3,3.9,50.1,52.2,50.4,49.1,43.8,47.8,50.1,47.8,,43.2,47.5,48.1,49.9,48.7,1.51,2.86,0.83,1.3,1.39,1.79,-3.32,0.36,3.2,12.2,4.18,8.5,2.7,15.7,25.4,18.9,2.4,41.5,56.2,5.1,94.9,3.96,9.67,-93.32,11.89,1184.2,46.44,65.09,2.7,16945,14.3,4.09,207,73.3,95.3,98.8,92.93
2015/1/1,,,,,,,,,,,,,,,,,,9.6,,,,,,,,,,,0,1.39,13.37,9.1,,,,,,,,49.8,51.7,50.2,48.4,44,48,49.6,46.4,,41.9,47.3,47.9,50.2,47.4,0.76,1.11,0.59,1.2,0.53,1.35,-4.32,-0.45,10.6,10.8,4.31,,,,,,,,,,,-10.89,-3.46,-82.26,,600,,,,20516,,,,68,94.9,98.8,93.1
2015/2/1,,,,,,,,,,,,,,,,,-0.58,3.6,,,,,,,,,,,-7.7,-5.92,-7.6,1.15,-2.9,-9.4,,-8.2,-14.1,-4.8,-0.6,49.9,51.4,50.4,48.5,43.8,47,49.4,47.5,,43.9,48.2,47.8,49.9,54,1.43,2.37,0.95,1.57,1.11,2.22,-4.8,-0.06,5.6,12.5,4.21,,,13.9,11,25.5,1.6,37.9,60.5,4.6,95.4,10.67,48.13,-171.81,10.71,400,,,,13609,,,,68,93.98,98.6,92.64
2015/3/1,7,3.1,6.4,7.8,3.3,6.1,7,8.7,6.1,4.8,5.7,15.3,0.7,12.9,7.6,8.3,1.29,5.6,,,1.4,6.7,0.9,1.4,-4.5,6.8,3.3,8,-7.6,-1.4,-3.7,2.3,3.6,-1.27,,-2.37,2.9,-9,6.56,50.1,52.1,50.2,48.3,44.1,48.6,49.7,48.1,,45,48,48.4,50.1,61.3,1.38,2.33,0.89,1.46,1.13,1.99,-4.56,-0.01,2.9,11.6,4.31,7.7,2.3,13.5,9.3,21.5,2,40.5,57.5,4.3,95.7,-13.87,-15.16,-660.34,10.24,800,47.46,65.67,2.53,12433,13,4.05,215,68,94.93,98.54,93.36
2015/4/1,,,,,,,,,,,,,,,,,2.39,5.9,,,2.8,6.5,1.9,0.4,1.7,7.4,2.9,7.7,-7.4,-3.4,1,-2.9,3.4,10.66,,0.61,11.33,0.5,2.81,50.1,52.6,50.2,48.1,43.8,48,50.1,47.8,,47.8,48.2,48,50.4,59.5,1.51,2.73,0.89,1.47,1.28,2.08,-4.57,0.11,3.7,10.1,4.37,,,12,10.9,19.7,2.3,41,56.8,4.2,95.8,-11.06,-6.66,-173.19,10,1984.1,,,,10582,,,,68,94.22,98.66,92.57
2015/5/1,,,,,,,,,,,,,,,,,2.19,6.1,,,3.9,6.7,2.2,1.2,8.8,7.5,3,8.1,-6.1,-4.2,0,-2,2.1,6.61,,-2.72,0.5,3,-0.99,50.2,52.9,50.6,48.9,44.7,47.5,51,47.6,,49.4,48.2,48.2,50.9,56.8,1.23,1.6,1.05,1.58,0.87,2.11,-4.61,-0.08,4.7,10.8,4.54,,,11.4,10,18.9,2.5,41.3,56.2,4.1,95.9,-9.72,-3.47,12.81,10.13,1985,,,,12397,,,,64.7,94.51,98.74,92.54
2015/6/1,7,3.7,6.2,8.4,3.8,6.2,7,5.9,5.8,3.5,5.8,18.8,4.2,13.7,8.3,7.7,2.59,6.8,,,2.7,7.7,2.2,3.2,-0.5,7.8,4.5,8.9,-4.9,-6.9,0.5,4.9,1.3,8.16,,15.34,6.2,2.6,3.06,50.2,52.9,50.1,48.2,44.6,47.7,50.9,48,,47.3,48.7,48.1,50.3,52.2,1.39,1.85,1.16,1.69,1.07,2.18,-4.81,0.05,4.3,11.8,4.62,3.2,2.5,11.4,12,18.5,2.6,41.1,56.3,4.1,95.9,-2.26,1.49,21.08,10.63,1404.6,46.18,65.8,2.51,18384,11.9,4.04,221,64.7,94.55,98.86,92.34
2015/7/1,,,,,,,,,,,,,,,,,1.15,6,,,5.6,6.6,0,1.3,9.1,7.7,2.6,9.3,-3.1,-6.5,-2,3.2,-1.9,7.8,,6.2,-0.4,-5.7,-5.8,50,52.4,49.9,47.9,44,47.4,50.3,47.8,,44.7,48.4,48,50.4,52.9,1.65,2.73,1.11,1.68,1.43,2.18,-5.37,0.19,6.6,13.3,4.78,,,11.2,13.8,18.2,2.7,41.2,56.1,4.2,95.8,-8.91,-9.2,-434.09,10.51,1881,,,,7511,,,,67.3,94.51,98.39,92.64
2015/8/1,,,,,,,,,,,,,,,,,1.6,6.1,,,4,6.8,-0.6,0.4,1,7.6,2.8,10.3,-2.6,-6.6,1,6,0.4,8.2,,13.02,-5.16,-3.6,0.93,49.7,51.7,49.7,47.7,44.6,47.2,49.4,47.2,,44.9,48.3,47.9,50.6,54.1,1.96,3.68,1.09,1.7,1.84,2.24,-5.92,0.4,9.3,13.3,4.78,,,10.9,13.9,18,2.8,41.2,56,4.3,95.7,-9.31,-5.84,-435.36,10.79,1570,,,,11097,,,,67.3,94.04,98.52,92.81
2015/9/1,6.9,4.1,6,8.4,4.3,5.9,6.7,5.9,6.1,4.1,6.6,16,4.5,14.6,8.9,8.7,0.18,5.7,,,1.2,6.7,-1.4,0.5,5.5,7.2,2.7,9.3,-2.2,-8.8,-3.1,1.1,-0.6,10.9,,8.15,-7.9,-4.5,13.07,49.8,52.3,50.2,47.9,43.8,46.8,48.6,48.1,,45.8,47.5,47.9,50.8,53.9,1.6,2.72,1.02,1.64,1.39,2.11,-5.95,0.09,11.4,13.1,4.86,-1.75,1.9,10.3,16.9,17.9,2.8,41.1,56.1,4.3,95.7,-11.54,-4.05,-1091.6,10.9,2130.4,46.16,66.39,2.53,13571,12.5,4.05,227,67.3,93.78,98.28,92.71
2015/10/1,,,,,,,,,,,,,,,,,0.38,5.6,,,0.4,6.7,-0.5,-1.6,9.6,6.6,3.6,8.1,-1.2,-9.35,-3.24,1.4,-0.22,16.12,,12.51,-8.56,-8.6,-4.69,49.8,52.2,50.3,47.4,44.4,47.2,48.8,47.5,,44.4,47.2,47.8,50.6,52.5,1.27,1.94,0.93,1.47,1,1.92,-5.9,-0.02,14,13.5,4.93,,,10.2,18.2,17.6,2.8,41.1,56.1,4.4,95.6,-12.17,-7.05,-201.44,11.02,1820.1,,,,5593,,,,67.3,93.87,98.33,92.65
2015/11/1,,,,,,,,,,,,,,,,,0.61,6.2,,,0.3,7.2,2.8,-0.2,8,6.9,5.2,8,-2.7,-7.8,0.1,0.2,2,19.8,,13.7,-6,-2.5,-6.9,49.6,51.9,49.8,46.4,43,46.7,48.3,46.7,,41.1,47.1,47.6,50.6,48.3,1.49,2.32,1.06,1.52,1.24,2.09,-5.9,0.22,15.7,13.7,5.06,,,10.2,19.4,17.6,2.8,40.9,56.3,4.4,95.6,-7.91,-7.08,-548.19,11.17,2100.5,,,,10255,,,,67.3,93.99,98.12,92.46
2015/12/1,6.8,4.1,6.3,8.2,4.2,6,7,7.4,6.4,3.9,6.6,14.2,3.3,18,11.8,8.1,1,5.9,,,1.4,7,2.6,0.7,1.3,7.1,3.5,7.9,-0.3,-14.3,-3.7,2.5,-3.4,12.1,,16.9,1,-6.1,-9.4,49.7,52.2,50.2,47.5,43.6,46.1,50.3,47.6,,42.4,47.6,47.4,50.7,44.6,1.6,2.7,1.1,1.47,1.47,2.05,-5.9,0.44,15.2,13.3,5.04,-6,2.1,10,15.9,17.4,2.8,40.6,56.6,4.8,95.2,-4.52,-1.89,-894.16,11.1,1340.5,48.01,67.24,2.54,18114,12.4,4.05,227,67.3,98.8,99.78,99.27
2016/1/1,,,,,,,,,,,,,,,,,,5.87,,,,,,,,,,,,,,,,,,,,,,49.4,51.4,49.5,46.9,43.4,44.6,49,46.4,44,45.1,46.8,47.8,50.5,51.3,1.8,4.1,1.2,1.5,1.5,2.2,-5.3,0.2,18.6,14,4.88,,,,,,,,,,,-17.18,-15.25,-544.42,,1700,,,,34758,13.1,,,67.3,98.8,100.4,98.5
2016/2/1,,,,,,,,,,,,,,,,,1.9,4.91,,,,,,,,,,,,,,,,,,,,,,49,50.2,48.6,47.4,43.9,46.4,47.9,45.8,47.3,50.2,48,47.6,49.8,53.3,2.3,7.3,1,1.3,2.6,1.8,-4.9,0.9,17.4,13.3,4.9,,,10.2,4.9,23.8,2,37.1,61,4,96,-22.41,-27.96,-339.39,10.2,900,,,,8312,12.7,,,70.7,98.9,101,97.9
2016/3/1,6.7,2.9,6,7.5,3.1,5.7,6.2,8.4,6.2,3.4,7.5,7,9.1,17.3,9.6,7.2,5.61,6.8,,,3.1,7.2,3.2,0.2,11.4,7.6,4.8,8.6,-4.54,-5.3,3.96,4,3.3,13.8,78.3,25.2,-2,11.5,8.6,50.2,52.3,51.4,50.2,45.7,46,52.6,50.1,50.9,55.3,48.2,48.1,51.3,54.8,2.3,7.6,1,1.5,2.5,1.9,-4.3,0.73,22.1,13.4,5.1,-4.39,2,10.7,-5.5,20.6,2.3,39.2,58.5,4,96,-0.23,7.53,-363.9,10.5,1500,48.08,67.01,2.35,23931,13.4,4.04,231,70.7,99.1,101.3,97
2016/4/1,,,,,,,,,,,,,,,,,4.53,6,,,0.1,6.9,-0.1,1.6,6.9,7.1,2.6,8.9,-11,-3.4,-1.7,5.6,0.5,3.3,135,1.8,-7,-9,-2.4,50.1,52.2,51,50.1,44.8,45.5,51,49.5,51.7,57.6,47.4,47.8,50.1,55,2.33,7.4,1.1,1.5,2.5,2,-3.4,0.74,22.9,12.8,5.17,,,10.5,-6.8,19.1,2.5,39.8,57.7,4.1,95.9,-7.87,-5.24,-236.91,10.1,2482,,,,7809,13.1,,,70.7,99.3,104.3,96.8
2016/5/1,,,,,,,,,,,,,,,,,4.17,6,,,-2.3,7.2,-0.5,3.3,-0.4,7.2,3.1,9.5,-15.5,0.6,0,4.3,2.1,11.5,92.9,10.3,-15.1,-11.6,9.1,50.1,52.3,50.7,50,45.1,46.8,51.2,49.6,49.7,55.3,47.6,48.2,50.4,55.1,2.04,5.9,1.1,1.6,2,2.1,-2.8,0.29,23.7,11.8,5.24,,,9.6,-4.5,18.4,2.7,39.9,57.4,4.2,95.8,-4.33,-6.93,-125.09,10,2812.1,,,,6770,12.6,,,70.7,99.2,104.3,96.4
2016/6/1,6.7,3.1,6.4,7.4,3.3,6,7,8,7,5.8,7.3,4.1,8.9,16.6,10.8,7.5,4.73,6.2,,,-2.4,7.2,-0.1,3.6,9.1,7.4,3.6,8.2,-16.6,0.5,2.1,-0.5,3.2,18.8,88.6,15.1,0.1,-2.4,9.1,50,52.5,50.5,49.6,45,46.5,50.5,49.1,47,51.3,47,47.9,50.7,55.2,1.88,4.6,1.2,1.6,1.7,2.2,-2.6,0.27,24.6,11.8,5.16,-1.3,2.1,9,-3.9,18,2.9,39.4,57.7,4.2,95.8,-7.79,-6.83,-128.43,10.6,2883.5,48.14,67.22,2.27,16479,12.4,4.05,237,68,99.2,104.3,96
2016/7/1,,,,,,,,,,,,,,,,,7.18,6,,,-3.1,7,2.9,-1.5,-1.5,6.3,5.1,7.4,-13.1,-0.8,7.2,-3.3,4.9,13.3,61.8,8.5,10.1,7.3,4.5,49.9,52.1,50.4,49,45.5,46.8,50.5,49.3,50,54.6,47.3,48.2,50.5,55.8,1.77,3.3,1.4,1.8,1.4,2.3,-1.7,0.36,25.4,10.2,5.25,,,8.1,-3.6,17.8,3,39.5,57.5,4.2,95.8,-9.14,-6.47,-316.59,10.2,2830.1,,,,4791,12.2,,,68,99.1,104,95.6
2016/8/1,,,,,,,,,,,,,,,,,8.06,6.3,,,-1.3,6.8,3.6,-4.1,6.9,6.4,6.7,6.5,-11,5,7.8,-2,4,11.8,63.2,4.2,15.7,9,2.7,50.4,52.6,51.3,49.7,45,46.6,52.6,49.5,52,57.2,47.6,48.4,50.6,56.4,1.34,1.3,1.4,1.6,0.9,2.1,-0.8,0.35,25.3,11.4,5.3,,,8.1,-4.1,17.6,3.1,39.3,57.6,4.3,95.7,-1.52,-3.74,-95.32,10.6,3423.2,,,,14605,12.3,,,65.3,99.3,103.6,95.3
2016/9/1,6.7,4,6.3,7.6,4.1,6.1,6.8,6.7,7.5,6.7,7,4.4,8.9,19.1,9.5,7,8.37,6.1,,,0.1,6.5,3.3,-3.8,1.6,6.4,6.2,6.4,-12.3,7.3,6.8,0.1,4.3,9.2,66.7,-3.9,18.7,16.4,-9.3,50.4,52.8,50.9,50.1,45.2,46.4,51.9,50.4,51.5,57.5,47.4,48.6,49.9,57.3,1.92,3.2,1.6,1.7,1.7,2.4,0.1,1.01,24.7,11.5,5.22,2.4,1.7,8.2,-5.2,17.5,3.1,39.2,57.6,4,96,-6.79,-10.48,-284.38,10.7,3066,46.93,67.27,2.24,17115,12.5,4.04,238,65.3,99.7,103,95.3
2016/10/1,,,,,,,,,,,,,,,,,10.92,6.1,,,-2.2,6.7,3.2,-3.8,4.4,6.8,4.8,6.8,-12,7.3,8,-1.4,4.1,4.8,44.4,9,19.2,27,3.4,51.2,53.3,52.8,49.2,45.8,46.9,52.4,49.9,55.5,62.6,48.1,48.8,50.2,58.2,2.1,3.7,1.7,1.8,1.9,2.5,1.2,1.1,23.9,11.6,5.24,,,8.3,-6.5,17.3,3.2,39,57.8,4,96,-5.44,-7.99,-145.9,10,2065.5,,,,8865,12.7,,,68,100.2,102.4,95.7
2016/11/1,,,,,,,,,,,,,,,,,12.17,6.2,,,-2.9,6.7,4.2,-4.4,7.6,6.6,5.6,6.4,-5.1,5.7,7,5.5,1.7,7.6,11.1,4.4,14.6,24.3,19.4,51.7,53.9,53.2,50.3,46.7,45.9,52.9,50.6,58.3,68.3,48.4,49.2,49.7,59,2.25,4,1.8,1.9,2.1,2.4,3.3,1.5,22.7,11.4,5.24,,,8.3,-4,17.3,3.2,39,57.8,4,96,1.42,-1.54,-334.04,10.8,2110.9,,,,18328,13.3,,,70.7,100.8,101.9,96.4
2016/12/1,6.8,2.9,6.3,8.2,3.1,6.1,6.7,6.5,7.7,9.9,7.7,2.6,7.8,19.6,13.9,8.5,11.97,6,,,-2.5,6.3,6.4,-11.7,3.6,6.5,5.2,5.2,-3,8,6.9,1.7,-0.2,6.8,24.5,5.7,13,7.2,8.5,51.4,53.3,53.2,50.1,46.2,44.4,52.1,50.3,58.8,69.6,48,48.9,50,58.2,2.08,2.4,2,1.9,1.8,2.5,5.5,1.52,21.4,11.3,5.02,10.2,2.4,8.1,-8.5,17.2,3.2,38.9,58,4.2,95.8,-2.09,-6.29,-463.02,10.9,1692.5,47.55,67.61,2.22,16260,12.8,4.02,230,70.7,101.4,101.6,97.2
2017/1/1,,,,,,,,,,,,,,,,,,2.94,,,,,,,,,,,,,,,,,,,,,,51.3,53.1,52.8,50.3,46.3,45,52.6,50.7,54.7,64.5,48,49.2,49.8,58.5,2.55,2.7,2.5,2.2,2.2,3.2,6.9,1.92,14.5,10.7,5.12,,,,,,,,,,,10.61,6.42,-191.75,,1360,,,,37054.62,14.86,,,73.3,102,101.5,97.8
2017/2/1,,,,,,,,,,,,,,,,,20.54,10.32,,,,,,,,,,,,,,,,,,,,,,51.6,53.7,53,50.8,46,47.6,51.4,51.2,56.3,64.2,48.6,49.7,50.5,60,0.8,-4.3,2.2,1.8,-0.1,2.4,7.8,0.69,21.4,10.4,5.23,,,8.9,24.5,23.8,2.1,35,62.8,3.4,96.6,15.5,-2.35,-100.98,9.5,1700,,,,11246.01,14.82,,,76,102.5,101.5,98.2
2017/3/1,6.8,3,6.2,7.7,3.2,6.3,7.1,4.4,7.6,9.1,8,4.1,8.6,15.9,9.2,7.2,14.74,7.6,,,-0.8,8,7.7,1.5,4.6,7.9,7.1,7.4,1.9,4.8,7.2,10.5,-0.7,16,17.9,-5.4,13.4,14.1,5.1,51.8,54.2,53.3,51,46.1,47.3,53.4,50.5,53.2,59.3,48.3,50,50.3,58.3,0.9,-4.4,2.3,2,-0.1,2.7,7.6,0.68,18.8,10.1,5.29,6.71,1.3,9.2,39.2,20.6,2.5,37.4,60.1,3.4,96.6,17.7,15.57,-116.01,10.9,1600,48.74,67.74,2.03,24047.32,14.46,3.97,230,76,102.8,101.5,98.6
2017/4/1,,,,,,,,,,,,,,,,,12.91,6.5,,,-0.4,6.9,5.6,1.9,-1.1,6.9,5.5,6.8,9.9,5.9,5.4,15,0.5,8.5,12.5,-11.6,20.5,3.1,4.2,51.2,53.8,52.3,50.6,45,48.2,51.9,50.2,48.7,51.8,48.3,49.2,50.5,56.6,1.2,-3.5,2.4,2.1,0.2,2.9,6.4,0.91,18.5,9.8,5.33,,,8.9,33.8,19.2,2.7,37.8,59.4,3.5,96.5,8.69,6.64,-148.98,10.7,2388.8,,,,15639.29,14.59,,,76,102.9,101.4,98.8
2017/5/1,,,,,,,,,,,,,,,,,12.18,6.5,,,0.5,6.9,6.2,3.2,0.5,6.8,5.9,6.6,12.1,-1.5,5,10.5,-1.9,6.1,27,-6.6,24.6,6.3,2.6,51.2,53.4,52.3,50.7,45.4,46.6,51.5,50,47.6,49.5,48.5,49.4,50.2,56.8,1.5,-1.6,2.3,2.1,0.7,2.9,5.5,1.1,17,9.1,5.35,,,8.6,28.5,18.5,2.9,38.1,59,3.5,96.5,10.33,7.61,-171.09,10.7,2591.5,,,,13241.21,14.7,,,76,103,101.2,98.9
2017/6/1,6.8,3.8,6.3,7.7,3.9,6.5,7.2,4.6,7.4,10.1,7.7,3.3,7.2,18.8,8.3,7.6,13.33,7.6,,,-0.1,8,6.8,3.9,5.7,7.7,8,7.4,10.6,-1.4,5.2,14.6,0.7,2.5,29.2,-3.4,13.4,1.8,0.8,51.7,54.4,53.1,52,47.2,46.3,52.5,51.2,49.1,50.4,48.6,49,49.9,58.7,1.5,-1.2,2.2,2.2,0.6,3,5.5,0.9,15,9.1,5.37,5.19,1.4,8.6,24.9,18,3.1,37.7,59.2,3.4,96.6,13.13,10.28,-209.45,11,3209.1,49.52,69.12,2.05,21305.4,14.29,3.95,230,73.3,102.9,101.1,98.7
2017/7/1,,,,,,,,,,,,,,,,,15.49,6.4,,,-1.3,6.7,6.7,-3.6,-6.6,6.7,6.7,5.5,8.5,0.1,8.6,14.7,2.7,2,48.6,-2.4,23,15.5,3,51.4,53.5,52.8,50.9,46.3,46.1,52.7,51.1,52.7,57.9,48.5,49.2,50.1,59.1,1.4,-1.1,2,2.1,0.5,2.9,5.5,0.67,15.3,8.9,5.45,,,8.3,21.8,17.7,3.2,37.7,59.2,3.6,96.4,8.44,6.34,-155.03,10.4,2685.3,,,,15041.45,14.81,,,73.3,103,103,98.4
2017/8/1,,,,,,,,,,,,,,,,,11.51,6,,,-3.4,6.9,7.8,-2.1,-6.9,5.8,7.9,3.7,4.1,-5.3,4.8,11.7,0.5,5.9,56.4,-3.1,19.1,17,1.3,51.7,54.1,53.1,50.4,46.1,45.5,52.9,51.4,57.4,65.3,48.3,49.1,49.3,59.5,1.8,-0.2,2.3,2.2,1,3.1,6.3,1.14,14,8.6,5.45,,,7.8,18.9,17.6,3.2,37.6,59.2,3.5,96.5,8.69,4.88,-38.33,10.1,8877.3,,,,17989.28,14.57,,,73.3,103,103,98.1
2017/9/1,6.7,3.9,5.8,8.1,4,6.2,7.1,3.4,7.4,9.5,7.8,6.1,4.8,23.4,10.8,7.4,11.45,6.6,,,-3.8,8.1,9,-2.6,-8.1,7.1,8.9,5.2,7.6,-7.1,5.3,10.7,-1.8,4,55.1,3.5,20.9,14.2,10.3,52.4,54.7,54.8,51.3,47.4,44.2,53.8,51.1,59.4,68.4,48.9,49,49.3,59.4,1.6,-1.4,2.4,2.3,0.7,3.3,6.9,0.99,14,9,5.41,5.15,1.3,7.5,16.6,17.6,3.3,37.5,59.3,3.5,96.5,12.88,7.91,2.94,10.3,3434.3,49.17,70.01,2.07,22469.07,14.47,3.95,228,73.3,103,103,97.9
2017/10/1,,,,,,,,,,,,,,,,,9.45,6.2,,,-1.3,6.7,6.6,3.6,-6.6,6.1,6.5,5,1.5,-12.6,2.5,15.4,-1.6,6.5,92.7,10.9,13.5,18.6,5,51.6,53.4,52.9,50.1,45.6,46.1,53.2,50.3,55.2,63.4,48.6,49,48.7,57,1.9,-0.4,2.4,2.3,1.1,3.2,6.9,1.33,13,8.9,5.42,,,7.3,14.1,17.6,3.3,37.4,59.3,3.5,96.5,10.93,6.26,27.69,10,3263.5,,,,12208.51,14.45,,,70.7,103,103,97.8
2017/11/1,,,,,,,,,,,,,,,,,8.67,6.1,,,-1.7,6.8,6.3,-0.7,-10.6,6.2,6.8,5,-2.7,-10.9,2.4,3,-2.9,6.8,109.6,8.8,20,10,-8.9,51.8,54.3,53.6,50.8,46.6,46.1,53.5,51,53.8,59.8,48.4,48.8,49.5,57.9,1.7,-1.1,2.5,2.3,0.9,3.1,5.8,1.28,12.7,9.1,5.44,,,7.2,9.8,17.5,3.3,37.3,59.4,3.5,96.5,14.3,11.51,-75.15,10.2,3157.7,,,,19258.4,14.02,,,70.7,103,103,97.7
2017/12/1,6.7,4.4,5.5,8.2,4.5,6.1,6.9,2.5,7.2,8.8,7.7,4.1,5.9,29,10.7,7.4,7.99,6.2,,,-0.9,6.5,5,0.5,-8.6,6.7,5.7,6.2,1.1,-7.1,6,2.9,-1.1,3.7,71.2,6.9,21.4,3.7,-2.5,51.6,54,53.4,51.9,46.3,45.8,53.6,51.2,54.4,62.2,48,48.5,49.3,58.7,1.8,-0.4,2.4,2.2,1.1,3,4.9,1.42,11.8,8.1,5.21,4.21,2.1,7.2,9,17.4,3.3,37.3,59.4,3.7,96.3,8.09,10.73,59.84,9.4,2449,50.03,70.55,2.1,16192.78,13.53,3.9,220,70.7,103,103,97.7
2018/1/1,,,,,,,,,,,,,,,,,,15.43,,,,,,,,,,,,,,,,,,,,,,51.3,53.5,52.6,49.5,45.3,47,52.9,50.4,51.8,59.7,48.8,48.3,49.2,56.8,1.5,-0.5,2,1.9,1,2.3,4.3,1.26,15,8.6,5.6,,,,,,,,,,,22.04,10.65,-8.75,,1900,,,,31411.86,12.86,,,,103,103,97.9
2018/2/1,,,,,,,,,,,,,,,,,6.35,-2.12,,,,,,,,,,,,,,,,,,,,,,50.3,50.7,51,49,44.9,46.7,50.8,49.8,49.2,53.4,49.3,48.1,48.4,58.2,2.9,4.4,2.5,2.5,2.5,3.6,3.7,2.01,8.5,8.8,5.43,,,7.9,,24.3,2.5,33.3,64.2,,,24.24,43.5,-82.19,9.7,1200,,,,11996.8,12.8,,,,102.9,102.9,98
2018/3/1,6.8,3.2,6.3,7.5,3.4,6.5,6.7,5.4,6.8,7.7,7.1,3.1,4.9,29.2,10,6.1,6.76,6,,,-1.1,6.6,5.7,3.9,2.1,6.5,4.9,6.7,1.3,-4.75,2.1,0.4,4.16,8.2,105.3,9.8,8.4,-2.6,-2.4,51.5,53.1,53.3,51.3,46,47.3,53,51.3,48.9,53.4,49.6,49.1,50.1,58.7,2.1,2.1,2.1,2,1.6,2.8,3.1,1.44,7.1,8.2,5.41,6.29,1.3,7.5,,21.1,2.9,35.5,61.6,,,5.3,-2.98,-91.68,10.1,1800,51.39,71.18,2.08,15937.34,12.05,3.89,223,,102.7,102.7,97.9
2018/4/1,,,,,,,,,,,,,,,,,9.01,7,,,-0.2,7.4,7.7,-6.4,3.3,7.1,6.8,7.1,4.1,-3.6,6.9,6.3,8.5,13.1,82.2,20.4,9.7,14.5,5.7,51.4,53.1,52.9,50.7,46.2,47.2,52.6,50.2,50.2,53,49.5,49,50.2,58.4,1.8,0.7,2.1,2,1.3,2.6,3.4,1.38,7.2,8.3,5.65,,,7,,19.8,3,36.3,60.8,,,16.5,11.91,106.3,9.4,2851,,,,17747.95,12.01,,,,102.3,102.3,97.8
2018/5/1,,,,,,,,,,,,,,,,,12.95,6.8,,,3,6.6,8.1,-2.9,3.1,6.1,8.4,4.2,3.5,-1.6,9.8,5.9,10.8,7.5,56.7,24.3,18.4,12.1,5.8,51.9,54.1,53.8,51.2,45.9,46.1,53,50.9,53.2,56.7,49.6,49.1,50.1,58.7,1.8,0.1,2.2,1.9,1.3,2.5,4.1,1.54,6,8.3,5.72,,,6.1,,19.2,3.2,36.8,60,,,18.19,11.9,193.63,8.5,3150.9,,,,9517.13,11.71,,,,101.9,101.9,97.7
2018/6/1,6.7,3.4,6,7.7,3.6,6.4,6.6,4,6.6,8.1,6.8,4.3,4.2,31.7,9.4,5.7,10.62,6,,,2.7,6,6.1,-1.9,-6,6.1,5.4,5.1,1.7,-4.7,6.7,5.6,7.2,12.8,36.6,4.2,12.1,-3.6,-3.9,51.5,53.6,53.2,49.8,45.5,46.3,52.8,50,53.3,57.7,48.8,49,50.2,57.9,1.9,0.3,2.2,1.9,1.5,2.4,4.7,1.84,6.6,8,5.56,4.84,1.7,6,,18.68,3.3,37,59.7,,,12.06,10.7,20.36,9,3444.5,52.42,72.3,2.12,14882.63,11.21,3.83,225,,101.6,101.6,97.9
2018/7/1,,,,,,,,,,,,,,,,,9.4,6,,,1.3,6.2,6.2,-2.8,-4.4,6,6.1,4.9,-2,-4.3,5.7,10.5,8,14.9,17.9,16,3.8,-7.3,-3.6,51.2,53,52.3,49.8,45.7,47.1,51.5,49.6,50.5,54.3,48.9,49.2,50,56.6,2.1,0.5,2.4,1.9,1.8,2.5,4.6,2.18,5.1,8.5,5.7,,,5.5,,18.52,3.4,37.1,59.5,,,18.25,11.6,-93.94,8.8,2948.6,,,,12234.64,10.94,,,,101.2,101.2,98.3
2018/8/1,,,,,,,,,,,,,,,,,10.55,6.1,,,2,6.1,5.6,-1.2,2.3,6.4,4.9,5.6,4.2,-1.1,7.3,9.7,6.4,13.4,12.5,18.4,-0.4,0.5,6.8,51.3,53.3,52.2,49.4,46.7,47.4,51.8,49.1,54.3,58.7,48.7,49.4,49.6,57,2.3,1.7,2.5,2,2.1,2.6,4.1,2.27,3.9,8.2,5.75,,,5.3,,18.43,3.5,37.2,59.3,,,14.48,9.55,-148.6,9,3243.8,,,,19532.9,10.88,,,,100.9,100.9,98.9
2018/9/1,6.5,3.6,5.3,7.9,3.8,5.9,6,2.5,6.2,8,6.3,4,4.1,32.8,9,7,10.34,5.8,,,2.2,5.7,5.6,2,1.6,6.3,3.2,6.2,5.2,-0.1,4.6,8.5,9.8,4.6,50,10.6,9.3,6,-2.8,50.8,53,52,48,45.2,47.4,51.5,48.5,54.3,59.8,47.8,48.3,49.7,56.4,2.5,3.6,2.2,1.7,2.7,2.1,3.6,2.65,4,8.3,5.67,3.88,1.5,5.4,,18.34,3.5,37.4,59.2,,,14.12,13.87,-175.65,9.2,3246.6,52.94,73.55,2.15,21342.16,10.64,3.82,224,,100.3,100.3,99.3
2018/10/1,,,,,,,,,,,,,,,,,10.08,5.9,,,3.8,6.1,4.6,-3.6,5.1,6.7,3.9,6.2,8,4.5,4.8,7.5,11.5,1.7,49.5,17,-0.4,5.2,4,50.2,52,50.8,46.9,44.3,47.1,51,47.6,52,58,47.2,48.1,49.5,56.4,2.5,3.3,2.4,1.8,2.8,2.1,3.3,2.79,2.7,8,6.02,,,5.7,,18.14,3.5,37.4,59.1,,,17.01,14.29,-29.28,8.6,3094.8,,,,7373.52,10.28,,,,99.6,99.6,99.5
2018/11/1,,,,,,,,,,,,,,,,,10.85,5.4,,,2.3,5.6,3.9,2,-2.6,6.6,1.9,6.6,4.5,1.9,3.6,10.1,11.3,9.4,24.6,7.9,7.6,7.6,-5.9,50,51.9,50.4,47,44.3,48.6,50.8,47.1,46.4,50.3,47.4,48.3,50.3,54.2,2.2,2.5,2.1,1.8,2.2,2.1,2.7,2.15,1.5,8,5.93,,,5.9,,18.07,3.5,37.4,59.1,,,3.43,3.92,-178.92,8.1,2598.8,,,,16042.48,9.96,,,,98.8,98.8,99.6
2018/12/1,6.4,3.5,5.8,7.4,3.7,5.7,5.7,6.1,5.5,8.7,5.8,6.3,2,29.1,7.3,6.4,11.58,5.7,,,3.6,5.5,3.6,-1.4,10.3,7,1.7,7.8,2.1,4.9,6.2,10,9.1,15.5,15.5,10.5,10.6,5.8,-2.9,49.4,50.8,49.7,46.6,44.1,48.2,49.8,45.9,43.3,44.8,47.1,48,50.4,52.7,1.9,2.5,1.7,1.8,1.7,2.1,0.9,1.43,1.5,8.1,5.52,2.82,2.4,5.9,,18.92,3.5,37.4,59,,,-5.94,-4.61,-70.87,8.16,3856.6,55.31,74.34,2.18,16221.47,9.85,3.8,223,,98.2,98.2,99.5
2019/1/1,,,,,,,,,,,,,,,,,,6.8,,,,,,,,,,,,,,,,,,,,,,49.5,50.9,49.6,46.9,43.7,47.1,49.1,47.1,44.5,46.3,48.1,47.8,50.1,52.5,1.7,1.9,1.7,1.9,1.3,2.4,0.1,0.96,0.4,8.4,5.96,,,,,,,,,,,4.2,9.2,120.54,,1700,,,,46184.27,10.49,,,,97.8,97.8,99.3
2019/2/1,,,,,,,,,,,,,,,,,7.08,3.36,,,,,,,,,,,,,,,,,,,,,,49.2,49.5,50.6,45.2,43.6,46.4,48.3,44.8,48.5,51.9,46.3,47.5,49.8,56.2,1.5,0.7,1.7,1.8,1.1,2.1,0.1,1,2,8,6.15,,,6.1,,26.96,2.1,30.9,67,,,-13.5,-20.8,-150.44,8.2,1600,,,,7089.44,10.13,,,,97.6,97.6,99.2
2019/3/1,6.4,2.7,6.1,7,2.9,6.1,6.5,6.2,5.8,7.3,6,7,2.5,21.2,8.3,5.2,8.05,8.5,,,4.6,9,4.7,,,10,4.2,14.2,2.7,5.4,5.4,9.8,11.4,14.2,41.6,3.1,22.3,1.9,5.5,50.5,52.7,51.6,47.1,46.4,47,51.2,48.7,51.4,53.5,48.4,47.6,50.2,56.8,2.3,4.1,1.8,1.8,2.4,2,0.4,1.92,4.6,8.6,6.22,-5.49,1.3,6.3,,23.37,2.4,32.6,65,,,2.9,13.8,-61.43,8.7,1500,56.81,72.22,2.17,28765.62,10.73,3.67,227,,97.6,97.6,99.2
2019/4/1,,,,,,,,,,,,,,,,,8.94,5.4,,,2.9,5.3,6,,,6.3,2.5,5.1,0.1,3.4,3.8,7.9,11.5,5.3,17.1,5.7,15.4,2.1,9.4,50.1,52.1,51.4,49.2,44,46.5,51.1,49.7,52,53.1,47.2,47.2,49.9,56.5,2.5,6.1,1.7,1.7,2.9,2,0.9,1.99,2.9,8.5,6.31,,,6.1,,21.97,2.4,32.8,64.7,,,0.5,-2.8,-109.8,7.2,3432.2,,,,14074.48,10.46,,,,97.7,97.7,99.3
2019/5/1,,,,,,,,,,,,,,,,,6.76,5,,,3.9,5,3.7,,,6.6,-0.3,7.8,3.5,5.7,0.2,12.9,11.5,9.9,16,0.8,6.4,0.6,19.8,49.4,51.7,49.8,46.5,44.3,48.1,50.5,47.1,49,51.8,47.4,47,50.9,54.5,2.7,7.7,1.6,1.6,3.2,1.9,0.6,2.1,3.4,8.5,6.22,,,5.6,,21.18,2.68,33.62,63.7,,,-3.5,1,61.96,8.6,3953.2,,,,14526.8,10.67,,,,97.7,97.7,99.4
2019/6/1,6.2,3.3,5.6,7,3.4,5.6,5.5,5.1,6,7.3,6.4,7.6,2.4,20.1,7.3,5.5,8.58,6.3,,,7.3,6.2,6.2,,,7.6,1.8,8.3,10.4,10.7,2.8,13.1,12.6,13.4,50.5,-1.7,2.4,2.8,19.8,49.4,51.3,49.6,46.3,44.5,48.1,49.7,46.8,45.4,49,48.2,46.9,50.2,53.4,2.7,8.3,1.4,1.6,3.2,1.8,0,1.8,4.4,8.5,6.14,-1.69,2,5.8,,20.6,2.82,33.46,63.72,,,-4,-1.3,-193.01,9.8,3442.4,55.77,72.85,2.18,22998.34,11,3.61,230,,97.7,97.7,99.4
2019/7/1,,,,,,,,,,,,,,,,,7.36,4.8,,,6.6,4.5,3.7,,,6.1,-0.2,7.3,12.2,5.9,0.6,6.1,9.6,2.2,9.1,-12.1,-3,9,-7.3,49.7,52.1,49.8,46.9,44.7,47,50.4,47.4,46.9,50.7,48,47.1,50.1,53.6,2.8,9.1,1.3,1.6,3.4,1.8,-0.3,1.8,3.1,8.1,6.37,,,5.7,,20.88,2.8,33.75,63.45,,,-0.7,3.3,-61.47,7.6,3284.5,,,,10839.77,10.86,,,,,,
2019/8/1,,,,,,,,,,,,,,,,,8.04,4.4,,,3.7,4.3,4.1,,,5.3,1.3,6,5,4.6,1.7,6.6,9.8,5.2,9.9,-12.8,-2.9,-5.2,4.9,49.5,51.9,49.7,47.2,44.8,47.8,49.3,46.7,46.7,48.6,47.5,46.9,50.3,53.3,2.8,10,1.1,1.5,3.6,1.6,-0.8,1.8,3.4,8.2,6.44,,,5.5,,21.11,2.75,32.9,64.35,,,-3.2,-1,-53.83,7.5,3944.4,,,,20174.52,10.83,,,,,,
2019/9/1,,,,,,,,,,,,,,,,,,,,,,,,,,,,,,,,,,,,,,,,49.8,52.3,50.5,48.2,44.7,47.1,50.4,47.1,49.9,52.2,47.6,47,50.5,54.4,3,11.2,1,1.5,4,1.3,-1.2,1.9,3.4,8.4,6.38,-3.79,,,,,,,,,,-5.7,-3.2,,,3581.9,,,,22724.8,10.8,,,,,,
