date,close,hs300
2019/9/11,3930.10 ,1
2019/9/10,3959.27 ,1.007422203
2019/9/9,3972.95 ,1.01090303
2019/9/6,3948.51 ,1.004684359
2019/9/5,3925.32 ,0.998783746
2019/9/4,3886.00 ,0.988778911
2019/9/3,3853.61 ,0.980537391
2019/9/2,3848.32 ,0.979191369
2019/8/30,3799.59 ,0.966792194
2019/8/29,3790.19 ,0.964400397
2019/8/28,3802.58 ,0.967552988
2019/8/27,3816.95 ,0.971209384
2019/8/26,3765.91 ,0.958222437
2019/8/23,3820.86 ,0.97220427
2019/8/22,3793.51 ,0.965245159
2019/8/21,3781.76 ,0.962255413
2019/8/20,3787.73 ,0.963774459
2019/8/19,3791.09 ,0.964629399
2019/8/16,3710.54 ,0.944133737
2019/8/15,3694.00 ,0.939925193
2019/8/14,3682.40 ,0.936973614
2019/8/13,3665.75 ,0.93273708
2019/8/12,3699.10 ,0.94122287
2019/8/9,3633.53 ,0.924538816
2019/8/8,3669.29 ,0.933637821
2019/8/7,3621.43 ,0.921460014
2019/8/6,3636.33 ,0.925251266
2019/8/5,3675.69 ,0.935266278
2019/8/2,3747.44 ,0.953522811
2019/8/1,3803.47 ,0.967779446
2019/7/31,3835.36 ,0.975893743
2019/7/30,3870.32 ,0.984789191
2019/7/29,3854.27 ,0.980705326
2019/7/26,3858.57 ,0.981799445
2019/7/25,3851.07 ,0.979891097
2019/7/24,3819.83 ,0.97194219
2019/7/23,3789.91 ,0.964329152
2019/7/22,3781.68 ,0.962235058
2019/7/19,3807.96 ,0.96892191
2019/7/18,3768.40 ,0.958856009
2019/7/17,3804.64 ,0.968077148
2019/7/16,3806.84 ,0.96863693
2019/7/15,3824.19 ,0.973051576
2019/7/12,3808.73 ,0.969117834
2019/7/11,3785.22 ,0.963135798
2019/7/10,3786.74 ,0.963522557
2019/7/9,3793.13 ,0.96514847
2019/7/8,3802.79 ,0.967606422
2019/7/5,3893.20 ,0.990610926
2019/7/4,3873.10 ,0.985496552
2019/7/3,3893.53 ,0.990694893
2019/7/2,3937.17 ,1.001798936
2019/7/1,3935.81 ,1.001452889
2019/6/28,3825.59 ,0.973407801
2019/6/27,3834.82 ,0.975756342
2019/6/26,3794.33 ,0.965453805
2019/6/25,3801.31 ,0.967229841
2019/6/24,3841.27 ,0.977397522
2019/6/21,3833.94 ,0.975532429
2019/6/20,3828.52 ,0.974153329
2019/6/19,3715.94 ,0.945507748
2019/6/18,3667.62 ,0.933212895
2019/6/17,3654.82 ,0.929955981
2019/6/14,3654.88 ,0.929971248
2019/6/13,3685.39 ,0.937734409
2019/6/12,3691.10 ,0.939187298
2019/6/11,3719.28 ,0.946357599
2019/6/10,3610.74 ,0.918739981
2019/6/6,3564.68 ,0.907020178
2019/6/5,3597.11 ,0.915271876
2019/6/4,3598.47 ,0.915617923
2019/6/3,3632.01 ,0.924152057
2019/5/31,3629.79 ,0.923587186
2019/5/30,3641.18 ,0.926485331
2019/5/29,3663.91 ,0.932268899
2019/5/28,3672.26 ,0.934393527
2019/5/27,3637.20 ,0.925472634
2019/5/24,3593.91 ,0.914457647
2019/5/23,3583.96 ,0.911925905
2019/5/22,3649.38 ,0.928571792
2019/5/21,3666.78 ,0.93299916
2019/5/20,3617.79 ,0.920533829
2019/5/17,3648.76 ,0.928414035
2019/5/16,3743.96 ,0.952637337
2019/5/15,3727.09 ,0.948344826
2019/5/14,3645.15 ,0.927495484
2019/5/13,3668.73 ,0.933495331
2019/5/10,3730.45 ,0.949199766
2019/5/9,3599.70 ,0.915930892
2019/5/8,3667.46 ,0.933172184
2019/5/7,3720.67 ,0.94671128
2019/5/6,3684.62 ,0.937538485
2019/4/30,3913.21 ,0.995702399
2019/4/29,3900.33 ,0.992425129
2019/4/26,3889.27 ,0.989610951
2019/4/25,3941.82 ,1.002982112
2019/4/24,4030.09 ,1.025442101
2019/4/23,4019.01 ,1.022622834
2019/4/22,4025.61 ,1.024302181
2019/4/19,4120.61 ,1.048474594
2019/4/18,4072.08 ,1.036126307
2019/4/17,4087.24 ,1.039983715
2019/4/16,4085.79 ,1.039614768
2019/4/15,3975.52 ,1.011556958
2019/4/12,3988.62 ,1.014890206
2019/4/11,3997.58 ,1.017170047
2019/4/10,4085.85 ,1.039630035
2019/4/9,4075.43 ,1.036978703
2019/4/8,4057.23 ,1.032347777
2019/4/4,4062.23 ,1.03362001
2019/4/3,4022.16 ,1.02342434
2019/4/2,3971.29 ,1.010480649
2019/4/1,3973.93 ,1.011152388
2019/3/29,3872.34 ,0.985303173
2019/3/28,3728.40 ,0.948678151
2019/3/27,3743.39 ,0.952492303
2019/3/26,3700.44 ,0.941563828
2019/3/25,3742.83 ,0.952349813
2019/3/22,3833.80 ,0.975496807
2019/3/21,3836.89 ,0.976283046
2019/3/20,3835.44 ,0.975914099
2019/3/19,3833.96 ,0.975537518
2019/3/18,3851.75 ,0.980064121
2019/3/15,3745.01 ,0.952904506
2019/3/14,3698.49 ,0.941067657
2019/3/13,3724.19 ,0.947606931
2019/3/12,3755.35 ,0.955535483
2019/3/11,3729.95 ,0.949072543
2019/3/8,3657.58 ,0.930658253
2019/3/7,3808.85 ,0.969148368
2019/3/6,3848.09 ,0.979132846
2019/3/5,3816.01 ,0.970970204
2019/3/4,3794.10 ,0.965395283
2019/3/1,3749.71 ,0.954100405
2019/2/28,3669.37 ,0.933658177
2019/2/27,3678.39 ,0.935953284
2019/2/26,3684.69 ,0.937556296
2019/2/25,3729.48 ,0.948952953
2019/2/22,3520.12 ,0.895682044
2019/2/21,3442.71 ,0.875985344
2019/2/20,3451.93 ,0.87833134
2019/2/19,3439.61 ,0.87519656
2019/2/18,3445.74 ,0.876756317
2019/2/15,3338.70 ,0.849520368
2019/2/14,3402.14 ,0.865662451
2019/2/13,3397.03 ,0.86436223
2019/2/12,3330.34 ,0.847393196
2019/2/11,3306.47 ,0.841319559
2019/2/1,3247.40 ,0.826289407
2019/1/31,3201.63 ,0.814643393
2019/1/30,3168.48 ,0.806208493
2019/1/29,3193.97 ,0.812694333
2019/1/28,3183.78 ,0.810101524
2019/1/25,3184.47 ,0.810277092
2019/1/24,3158.78 ,0.803740363
2019/1/23,3141.05 ,0.799229027
2019/1/22,3143.32 ,0.799806621
2019/1/21,3185.64 ,0.810574795
2019/1/18,3168.17 ,0.806129615
2019/1/17,3111.42 ,0.791689779
2019/1/16,3128.65 ,0.796073891
2019/1/15,3127.99 ,0.795905957
2019/1/14,3067.78 ,0.780585736
2019/1/11,3094.78 ,0.78745579
2019/1/10,3072.69 ,0.781835068
2019/1/9,3078.48 ,0.783308313
2019/1/8,3047.70 ,0.775476451
2019/1/7,3054.30 ,0.777155798
2019/1/4,3035.87 ,0.772466349
2019/1/3,2964.84 ,0.754393018
2019/1/2,2969.54 ,0.755588916
2018/12/28,3010.65 ,0.76604921
2018/12/27,2990.51 ,0.760924658
2018/12/26,3002.03 ,0.763855882
2018/12/25,3017.28 ,0.76773619
2018/12/24,3038.20 ,0.77305921
2018/12/21,3029.40 ,0.770820081
2018/12/20,3067.42 ,0.780494135
2018/12/19,3091.13 ,0.78652706
2018/12/18,3128.43 ,0.796017913
2018/12/17,3161.20 ,0.804356123
2018/12/14,3165.91 ,0.805554566
2018/12/13,3219.69 ,0.819238696
2018/12/12,3170.61 ,0.806750464
2018/12/11,3159.82 ,0.804004987
2018/12/10,3144.76 ,0.800173024
2018/12/7,3181.56 ,0.809536653
2018/12/6,3181.67 ,0.809564642
2018/12/5,3252.00 ,0.827459861
2018/12/4,3267.71 ,0.831457215
2018/12/3,3260.95 ,0.829737157
2018/11/30,3172.69 ,0.807279713
2018/11/29,3137.65 ,0.798363909
2018/11/28,3178.93 ,0.808867459
2018/11/27,3137.24 ,0.798259586
2018/11/26,3141.24 ,0.799277372
2018/11/23,3143.48 ,0.799847332
2018/11/22,3214.43 ,0.817900308
2018/11/21,3226.49 ,0.820968932
2018/11/20,3218.41 ,0.818913005
2018/11/19,3294.60 ,0.83829928
2018/11/16,3257.67 ,0.828902572
2018/11/15,3242.37 ,0.825009542
2018/11/14,3204.94 ,0.815485611
2018/11/13,3237.38 ,0.823739854
2018/11/12,3205.14 ,0.8155365
2018/11/9,3167.44 ,0.805943869
2018/11/8,3212.77 ,0.817477927
2018/11/7,3221.91 ,0.819803567
2018/11/6,3243.15 ,0.82520801
2018/11/5,3262.84 ,0.830218061
2018/11/2,3290.25 ,0.837192438
2018/11/1,3177.03 ,0.808384011
2018/10/31,3153.82 ,0.802478308
2018/10/30,3110.26 ,0.791394621
2018/10/29,3076.89 ,0.782903743
2018/10/26,3173.64 ,0.807521437
2018/10/25,3194.31 ,0.812780845
2018/10/24,3188.20 ,0.811226177
2018/10/23,3183.43 ,0.810012468
2018/10/22,3270.27 ,0.832108598
2018/10/19,3134.95 ,0.797676904
2018/10/18,3044.39 ,0.774634233
2018/10/17,3118.25 ,0.793427648
2018/10/16,3100.97 ,0.789030813
2018/10/15,3126.45 ,0.795514109
2018/10/12,3170.73 ,0.806780998
2018/10/11,3124.11 ,0.794918704
2018/10/10,3281.60 ,0.834991476
2018/10/9,3288.69 ,0.836795501
2018/10/8,3290.90 ,0.837357828
2018/9/28,3438.86 ,0.875005725
2018/9/27,3403.59 ,0.866031399
2018/9/26,3417.24 ,0.869504593
2018/9/25,3379.80 ,0.859978118
2018/9/21,3410.49 ,0.867787079
2018/9/20,3310.13 ,0.842250833
2018/9/19,3312.48 ,0.842848782
2018/9/18,3269.43 ,0.831894863
2018/9/17,3204.92 ,0.815480522
2018/9/14,3242.09 ,0.824938297
2018/9/13,3236.57 ,0.823533752
2018/9/12,3202.02 ,0.814742627
2018/9/11,3224.21 ,0.820388794
2018/9/10,3230.07 ,0.82187985
2018/9/7,3277.64 ,0.833983868
2018/9/6,3262.88 ,0.830228238
2018/9/5,3298.14 ,0.83920002
2018/9/4,3363.90 ,0.855932419
2018/9/3,3321.82 ,0.845225312
2018/8/31,3334.50 ,0.848451693
2018/8/30,3351.09 ,0.85267296
2018/8/29,3386.57 ,0.86170072
2018/8/28,3400.17 ,0.865161192
2018/8/27,3406.57 ,0.866789649
2018/8/24,3325.33 ,0.846118419
2018/8/23,3320.03 ,0.844769853
2018/8/22,3307.95 ,0.84169614
2018/8/21,3326.65 ,0.846454289
2018/8/20,3267.25 ,0.831340169
2018/8/17,3229.62 ,0.821765349
2018/8/16,3276.73 ,0.833752322
2018/8/15,3291.98 ,0.83763263
2018/8/14,3372.91 ,0.858224982
2018/8/13,3390.34 ,0.862659983
2018/8/10,3405.02 ,0.866395257
2018/8/9,3397.53 ,0.864489453
2018/8/8,3314.51 ,0.843365309
2018/8/7,3368.87 ,0.857197018
2018/8/6,3273.27 ,0.832871937
2018/8/3,3315.28 ,0.843561233
2018/8/2,3370.96 ,0.857728811
2018/8/1,3447.39 ,0.877176153
2018/7/31,3517.66 ,0.895056105
2018/7/30,3515.08 ,0.894399634
2018/7/27,3521.23 ,0.895964479
2018/7/26,3536.25 ,0.899786265
2018/7/25,3577.75 ,0.910345793
2018/7/24,3581.71 ,0.911353401
2018/7/23,3525.75 ,0.897114577
2018/7/20,3492.89 ,0.888753467
2018/7/19,3428.34 ,0.872328948
2018/7/18,3431.32 ,0.873087199
2018/7/17,3449.38 ,0.877682502
2018/7/16,3472.09 ,0.883460981
2018/7/13,3492.69 ,0.888702578
2018/7/12,3481.06 ,0.885743365
2018/7/11,3407.53 ,0.867033918
2018/7/10,3467.52 ,0.88229816
2018/7/9,3459.18 ,0.880176077
2018/7/6,3365.12 ,0.856242844
2018/7/5,3342.44 ,0.850471998
2018/7/4,3363.75 ,0.855894252
2018/7/3,3409.28 ,0.867479199
2018/7/2,3407.96 ,0.86714333
2018/6/29,3510.98 ,0.893356403
2018/6/28,3423.53 ,0.871105061
2018/6/27,3459.26 ,0.880196433
2018/6/26,3531.11 ,0.89847841
2018/6/25,3560.48 ,0.905951503
2018/6/22,3608.90 ,0.9182718
2018/6/21,3592.97 ,0.914218468
2018/6/20,3635.44 ,0.925024809
2018/6/19,3621.12 ,0.921381135
2018/6/15,3753.43 ,0.955046945
2018/6/14,3773.37 ,0.960120608
2018/6/13,3788.34 ,0.963929671
2018/6/12,3825.95 ,0.973499402
2018/6/11,3779.98 ,0.961802499
2018/6/8,3779.62 ,0.961710898
2018/6/7,3831.01 ,0.974786901
2018/6/6,3837.35 ,0.976400092
2018/6/5,3845.32 ,0.97842803
2018/6/4,3807.58 ,0.968825221
2018/6/1,3770.59 ,0.959413246
2018/5/31,3802.38 ,0.967502099
2018/5/30,3723.37 ,0.947398285
2018/5/29,3804.01 ,0.967916847
2018/5/28,3833.26 ,0.975359406
2018/5/25,3816.50 ,0.971094883
2018/5/24,3827.22 ,0.973822549
2018/5/23,3854.58 ,0.980784204
2018/5/22,3906.21 ,0.993921274
2018/5/21,3921.24 ,0.997745604
2018/5/18,3903.06 ,0.993119768
2018/5/17,3864.05 ,0.983193812
2018/5/16,3892.84 ,0.990519325
2018/5/15,3924.10 ,0.998473321
2018/5/14,3909.29 ,0.994704969
2018/5/11,3872.84 ,0.985430396
2018/5/10,3893.06 ,0.990575303
2018/5/9,3871.62 ,0.985119972
2018/5/8,3878.68 ,0.986916363
2018/5/7,3834.19 ,0.975596041
2018/5/4,3774.60 ,0.960433577
2018/5/3,3793.00 ,0.965115391
2018/5/2,3763.65 ,0.957647388
2018/4/27,3756.88 ,0.955924786
2018/4/26,3755.49 ,0.955571105
2018/4/25,3828.70 ,0.97419913
2018/4/24,3843.49 ,0.977962393
2018/4/23,3766.33 ,0.958329305
2018/4/20,3760.85 ,0.956934938
2018/4/19,3811.84 ,0.969909163
2018/4/18,3766.28 ,0.958316582
2018/4/17,3748.64 ,0.953828147
2018/4/16,3808.86 ,0.969150912
2018/4/13,3871.14 ,0.984997837
2018/4/12,3898.64 ,0.991995115
2018/4/11,3938.34 ,1.002096639
2018/4/10,3927.17 ,0.999254472
2018/4/9,3852.93 ,0.980364367
2018/4/4,3854.86 ,0.980855449
2018/4/3,3862.48 ,0.982794331
2018/4/2,3886.92 ,0.989013002
2018/3/30,3898.50 ,0.991959492
2018/3/29,3894.05 ,0.990827205
2018/3/28,3842.72 ,0.977766469
2018/3/27,3913.27 ,0.995717666
2018/3/26,3879.89 ,0.987224244
2018/3/23,3904.94 ,0.993598127
2018/3/22,4020.35 ,1.022963792
2018/3/21,4061.05 ,1.033319763
2018/3/20,4077.70 ,1.037556296
2018/3/19,4074.25 ,1.036678456
2018/3/16,4056.42 ,1.032141676
2018/3/15,4096.16 ,1.042253378
2018/3/14,4073.34 ,1.03644691
2018/3/13,4091.25 ,1.041004046
2018/3/12,4127.67 ,1.050270985
2018/3/9,4108.87 ,1.045487392
2018/3/8,4077.60 ,1.037530852
2018/3/7,4036.65 ,1.027111269
2018/3/6,4066.56 ,1.034721763
2018/3/5,4018.10 ,1.022391288
2018/3/2,4016.46 ,1.021973996
2018/3/1,4049.09 ,1.030276583
2018/2/28,4023.64 ,1.023800921
2018/2/27,4058.98 ,1.032793059
2018/2/26,4118.42 ,1.047917356
2018/2/23,4071.09 ,1.035874405
2018/2/22,4052.73 ,1.031202768
2018/2/14,3966.96 ,1.009378896
2018/2/13,3935.63 ,1.001407089
2018/2/12,3890.10 ,0.989822142
2018/2/9,3840.65 ,0.977239765
2018/2/8,4012.05 ,1.020851887
2018/2/7,4050.50 ,1.030635353
2018/2/6,4148.89 ,1.055670339
2018/2/5,4274.15 ,1.087542302
2018/2/2,4271.23 ,1.086799318
2018/2/1,4245.90 ,1.080354189
2018/1/31,4275.90 ,1.087987583
2018/1/30,4256.10 ,1.082949543
2018/1/29,4302.02 ,1.094633724
2018/1/26,4381.30 ,1.114806239
2018/1/25,4365.08 ,1.110679118
2018/1/24,4389.89 ,1.116991934
2018/1/23,4382.61 ,1.115139564
2018/1/22,4336.60 ,1.103432483
2018/1/19,4285.40 ,1.090404824
2018/1/18,4271.42 ,1.086847663
2018/1/17,4248.12 ,1.080919061
2018/1/16,4258.47 ,1.083552581
2018/1/15,4225.24 ,1.075097326
2018/1/12,4225.00 ,1.075036259
2018/1/11,4205.59 ,1.070097453
2018/1/10,4207.81 ,1.070662324
2018/1/9,4189.30 ,1.06595252
2018/1/8,4160.16 ,1.058537951
2018/1/5,4138.75 ,1.053090252
2018/1/4,4128.81 ,1.050561054
2018/1/3,4111.39 ,1.046128597
2018/1/2,4087.40 ,1.040024427
2017/12/29,4030.85 ,1.02563548
2017/12/28,4018.90 ,1.022594845
2017/12/27,3991.21 ,1.015549223
2017/12/26,4053.62 ,1.031429226
2017/12/25,4041.54 ,1.028355513
2017/12/22,4054.60 ,1.031678583
2017/12/21,4067.85 ,1.035049999
2017/12/20,4030.49 ,1.025543879
2017/12/19,4035.33 ,1.0267754
2017/12/18,3985.29 ,1.0140429
2017/12/15,3980.86 ,1.012915702
2017/12/14,4026.15 ,1.024439582
2017/12/13,4050.09 ,1.03053103
2017/12/12,4016.02 ,1.021862039
2017/12/11,4069.50 ,1.035469835
2017/12/8,4003.38 ,1.018645836
2017/12/7,3971.06 ,1.010422127
2017/12/6,4015.82 ,1.02181115
2017/12/5,4040.17 ,1.028006921
2017/12/4,4018.86 ,1.022584667
2017/12/1,3998.14 ,1.017312537
2017/11/30,4006.10 ,1.01933793
2017/11/29,4053.75 ,1.031462304
2017/11/28,4055.82 ,1.031989008
2017/11/27,4049.95 ,1.030495407
2017/11/24,4104.20 ,1.044299127
2017/11/23,4102.40 ,1.043841124
2017/11/22,4227.57 ,1.075690186
2017/11/21,4217.70 ,1.0731788
2017/11/20,4143.83 ,1.05438284
2017/11/17,4120.85 ,1.048535661
2017/11/16,4105.01 ,1.044505229
2017/11/15,4073.67 ,1.036530877
2017/11/14,4099.35 ,1.043065062
2017/11/13,4128.07 ,1.050372764
2017/11/10,4111.91 ,1.046260909
2017/11/9,4075.90 ,1.037098293
2017/11/8,4048.01 ,1.030001781
2017/11/7,4054.25 ,1.031589527
2017/11/6,4020.89 ,1.023101193
2017/11/3,3992.70 ,1.015928348
2017/11/2,3997.13 ,1.017055546
2017/11/1,3996.62 ,1.016925778
2017/10/31,4006.72 ,1.019495687
2017/10/30,4009.72 ,1.020259026
2017/10/27,4021.97 ,1.023375996
2017/10/26,3993.58 ,1.016152261
2017/10/25,3976.95 ,1.011920816
2017/10/24,3959.40 ,1.007455281
2017/10/23,3930.80 ,1.000178113
2017/10/20,3926.85 ,0.999173049
2017/10/19,3931.25 ,1.000292613
2017/10/18,3944.16 ,1.003577517
2017/10/17,3913.07 ,0.995666777
2017/10/16,3913.45 ,0.995763467
2017/10/13,3921.00 ,0.997684537
2017/10/12,3912.95 ,0.995636243
2017/10/11,3902.69 ,0.993025623
2017/10/10,3889.86 ,0.989761075
2017/10/9,3882.21 ,0.987814559
2017/9/29,3836.50 ,0.976183812
2017/9/28,3822.54 ,0.97263174
2017/9/27,3821.20 ,0.972290781
2017/9/26,3820.78 ,0.972183914
2017/9/25,3817.79 ,0.971423119
2017/9/22,3837.73 ,0.976496781
2017/9/21,3837.82 ,0.976519681
2017/9/20,3842.44 ,0.977695224
2017/9/19,3832.12 ,0.975069337
2017/9/18,3843.14 ,0.977873337
2017/9/15,3831.30 ,0.974860691
2017/9/14,3829.96 ,0.974519732
2017/9/13,3842.61 ,0.97773848
2017/9/12,3837.93 ,0.976547671
2017/9/11,3825.65 ,0.973423068
2017/9/8,3825.99 ,0.97350958
2017/9/7,3829.87 ,0.974496832
2017/9/6,3849.45 ,0.979478894
2017/9/5,3857.05 ,0.981412687
2017/9/4,3845.62 ,0.978504364
2017/9/1,3830.54 ,0.974667311
2017/8/31,3822.09 ,0.972517239
2017/8/30,3834.30 ,0.97562403
2017/8/29,3834.54 ,0.975685097
2017/8/28,3842.71 ,0.977763925
2017/8/25,3795.75 ,0.965815119
2017/8/24,3734.65 ,0.950268441
2017/8/23,3756.09 ,0.955723773
2017/8/22,3752.30 ,0.954759421
2017/8/21,3740.99 ,0.951881632
2017/8/18,3724.68 ,0.94773161
2017/8/17,3721.28 ,0.946866492
2017/8/16,3701.42 ,0.941813185
2017/8/15,3706.06 ,0.942993817
2017/8/14,3694.68 ,0.940098216
2017/8/11,3647.35 ,0.928055266
2017/8/10,3715.92 ,0.945502659
2017/8/9,3731.04 ,0.949349889
2017/8/8,3732.21 ,0.949647592
2017/8/7,3726.80 ,0.948271036
2017/8/4,3707.58 ,0.943380576
2017/8/3,3727.83 ,0.948533116
2017/8/2,3760.85 ,0.956934938
2017/8/1,3770.38 ,0.959359813
2017/7/31,3737.87 ,0.951087759
2017/7/28,3721.89 ,0.947021704
2017/7/27,3712.20 ,0.944556118
2017/7/26,3705.39 ,0.942823338
2017/7/25,3719.56 ,0.946428844
2017/7/24,3743.47 ,0.952512659
2017/7/21,3728.60 ,0.94872904
2017/7/20,3747.88 ,0.953634768
2017/7/19,3729.75 ,0.949021653
2017/7/18,3667.18 ,0.933100939
2017/7/17,3663.56 ,0.932179843
2017/7/14,3703.09 ,0.942238111
2017/7/13,3686.92 ,0.938123712
2017/7/12,3658.82 ,0.930973767
2017/7/11,3670.81 ,0.93402458
2017/7/10,3653.69 ,0.929668456
2017/7/7,3655.93 ,0.930238416
2017/7/6,3660.10 ,0.931299458
2017/7/5,3659.68 ,0.931192591
2017/7/4,3619.98 ,0.921091066
2017/7/3,3650.85 ,0.928945828
2017/6/30,3666.80 ,0.933004249
2017/6/29,3668.83 ,0.933520776
2017/6/28,3646.17 ,0.927755019
2017/6/27,3674.72 ,0.935019465
2017/6/26,3668.09 ,0.933332485
2017/6/23,3622.88 ,0.921828961
2017/6/22,3590.34 ,0.913549274
2017/6/21,3587.96 ,0.912943691
2017/6/20,3546.49 ,0.902391797
2017/6/19,3553.67 ,0.904218722
2017/6/16,3518.76 ,0.895335997
2017/6/15,3528.79 ,0.897888094
2017/6/14,3535.30 ,0.899544541
2017/6/13,3582.27 ,0.911495891
2017/6/12,3574.39 ,0.909490853
2017/6/9,3576.17 ,0.909943767
2017/6/8,3560.98 ,0.906078726
2017/6/7,3533.87 ,0.899180682
2017/6/6,3492.88 ,0.888750922
2017/6/5,3468.75 ,0.882611129
2017/6/2,3486.51 ,0.887130098
2017/6/1,3497.74 ,0.889987532
2017/5/31,3492.89 ,0.888753467
2017/5/26,3480.44 ,0.885585609
2017/5/25,3485.66 ,0.886913819
2017/5/24,3424.17 ,0.871267907
2017/5/23,3424.19 ,0.871272996
2017/5/22,3411.24 ,0.867977914
2017/5/19,3403.85 ,0.866097555
2017/5/18,3398.11 ,0.864637032
2017/5/17,3409.97 ,0.867654767
2017/5/16,3428.65 ,0.872407827
2017/5/15,3399.19 ,0.864911834
2017/5/12,3385.38 ,0.861397929
2017/5/11,3356.65 ,0.854087682
2017/5/10,3337.70 ,0.849265922
2017/5/9,3352.53 ,0.853039363
2017/5/8,3358.81 ,0.854637287
2017/5/5,3382.55 ,0.860677845
2017/5/4,3404.39 ,0.866234956
2017/5/3,3413.13 ,0.868458818
2017/5/2,3426.58 ,0.871881123
2017/4/28,3439.75 ,0.875232182
2017/4/27,3446.72 ,0.877005674
2017/4/26,3445.18 ,0.876613827
2017/4/25,3440.97 ,0.875542607
2017/4/24,3431.26 ,0.873071932
2017/4/21,3466.79 ,0.882112414
2017/4/20,3461.55 ,0.880779115
2017/4/19,3445.88 ,0.876791939
2017/4/18,3462.74 ,0.881081906
2017/4/17,3479.94 ,0.885458385
2017/4/14,3486.51 ,0.887130098
2017/4/13,3514.57 ,0.894269866
2017/4/12,3509.44 ,0.892964556
2017/4/11,3517.33 ,0.894972138
2017/4/10,3505.14 ,0.891870436
2017/4/7,3517.46 ,0.895005216
2017/4/6,3514.05 ,0.894137554
2017/4/5,3503.89 ,0.891552378
2017/3/31,3456.05 ,0.87937966
2017/3/30,3436.76 ,0.874471387
2017/3/29,3465.19 ,0.8817053
2017/3/28,3469.81 ,0.882880843
2017/3/27,3478.04 ,0.884974937
2017/3/24,3489.60 ,0.887916338
2017/3/23,3461.98 ,0.880888527
2017/3/22,3450.05 ,0.877852981
2017/3/21,3466.35 ,0.882000458
2017/3/20,3449.61 ,0.877741024
2017/3/17,3445.81 ,0.876774128
2017/3/16,3481.51 ,0.885857866
2017/3/15,3463.64 ,0.881310908
2017/3/14,3456.69 ,0.879542505
2017/3/13,3458.10 ,0.879901275
2017/3/10,3427.89 ,0.872214447
2017/3/9,3426.94 ,0.871972723
2017/3/8,3448.73 ,0.877517112
2017/3/7,3453.96 ,0.878847866
2017/3/6,3446.48 ,0.876944607
2017/3/3,3427.86 ,0.872206814
2017/3/2,3435.10 ,0.874049006
2017/3/1,3458.44 ,0.879987787
2017/2/28,3452.81 ,0.878555253
2017/2/27,3446.22 ,0.876878451
2017/2/24,3473.85 ,0.883908806
2017/2/23,3473.32 ,0.88377395
2017/2/22,3489.76 ,0.887957049
2017/2/21,3482.82 ,0.886191191
2017/2/20,3471.39 ,0.883282868
2017/2/17,3421.44 ,0.870573268
2017/2/16,3440.93 ,0.875532429
2017/2/15,3421.71 ,0.870641968
2017/2/14,3435.80 ,0.874227119
2017/2/13,3436.28 ,0.874349253
2017/2/10,3413.49 ,0.868550419
2017/2/9,3396.29 ,0.86417394
2017/2/8,3383.29 ,0.860866136
2017/2/7,3365.69 ,0.856387878
2017/2/6,3373.21 ,0.858301315
2017/2/3,3364.49 ,0.856082542
2017/1/26,3387.96 ,0.862054401
2017/1/25,3375.90 ,0.858985776
2017/1/24,3364.45 ,0.856072365
2017/1/23,3364.08 ,0.855978219
2017/1/20,3354.89 ,0.853639856
2017/1/19,3329.29 ,0.847126027
2017/1/18,3339.37 ,0.849690848
2017/1/17,3326.36 ,0.846380499
2017/1/16,3319.45 ,0.844622274
2017/1/13,3319.91 ,0.84473932
2017/1/12,3317.62 ,0.844156637
2017/1/11,3334.50 ,0.848451693
2017/1/10,3358.27 ,0.854499885
2017/1/9,3363.90 ,0.855932419
2017/1/6,3347.67 ,0.851802753
2017/1/5,3367.79 ,0.856922216
2017/1/4,3368.31 ,0.857054528
2017/1/3,3342.23 ,0.850418564
2016/12/30,3310.08 ,0.842238111
2016/12/29,3297.77 ,0.839105875
2016/12/28,3301.89 ,0.840154195
2016/12/27,3316.39 ,0.843843668
2016/12/26,3322.40 ,0.845372891
2016/12/23,3307.60 ,0.841607084
2016/12/22,3335.67 ,0.848749396
2016/12/21,3338.54 ,0.849479657
2016/12/20,3309.06 ,0.841978576
2016/12/19,3328.98 ,0.847047149
2016/12/16,3346.03 ,0.851385461
2016/12/15,3340.43 ,0.849960561
2016/12/14,3378.95 ,0.859761838
2016/12/13,3405.04 ,0.866400346
2016/12/12,3409.18 ,0.867453754
2016/12/9,3493.70 ,0.888959568
2016/12/8,3470.14 ,0.88296481
2016/12/7,3475.75 ,0.884392255
2016/12/6,3459.15 ,0.880168444
2016/12/5,3469.41 ,0.882779064
2016/12/2,3528.96 ,0.89793135
2016/12/1,3565.04 ,0.907111778
2016/11/30,3538.00 ,0.900231546
2016/11/29,3564.04 ,0.906857332
2016/11/28,3535.08 ,0.899488563
2016/11/25,3521.30 ,0.895982291
2016/11/24,3488.74 ,0.887697514
2016/11/23,3474.73 ,0.884132719
2016/11/22,3468.36 ,0.882511895
2016/11/21,3441.11 ,0.87557823
2016/11/18,3417.46 ,0.869560571
2016/11/17,3436.54 ,0.874415409
2016/11/16,3429.59 ,0.872647006
2016/11/15,3429.87 ,0.872718251
2016/11/14,3430.25 ,0.872814941
2016/11/11,3417.22 ,0.869499504
2016/11/10,3390.61 ,0.862728684
2016/11/9,3353.06 ,0.853174219
2016/11/8,3371.12 ,0.857769522
2016/11/7,3356.59 ,0.854072415
2016/11/4,3354.18 ,0.8534592
2016/11/3,3365.09 ,0.85623521
2016/11/2,3333.35 ,0.84815908
2016/11/1,3359.05 ,0.854698354
2016/10/31,3336.28 ,0.848904608
2016/10/28,3340.13 ,0.849884227
2016/10/27,3345.70 ,0.851301494
2016/10/26,3354.80 ,0.853616956
2016/10/25,3367.46 ,0.856838248
2016/10/24,3367.58 ,0.856868782
2016/10/21,3327.74 ,0.846731635
2016/10/20,3318.60 ,0.844405995
2016/10/19,3316.24 ,0.843805501
2016/10/18,3321.33 ,0.845100634
2016/10/17,3277.88 ,0.834044935
2016/10/14,3305.85 ,0.841161802
2016/10/13,3302.65 ,0.840347574
2016/10/12,3300.01 ,0.839675835
2016/10/11,3306.56 ,0.841342459
2016/10/10,3293.87 ,0.838113534
2016/9/30,3253.29 ,0.827788097
2016/9/29,3244.39 ,0.825523524
2016/9/28,3230.89 ,0.822088496
2016/9/27,3240.76 ,0.824599883
2016/9/26,3220.28 ,0.81938882
2016/9/23,3275.67 ,0.833482609
2016/9/22,3291.12 ,0.837413806
2016/9/21,3266.64 ,0.831184957
2016/9/20,3257.40 ,0.828833872
2016/9/19,3263.12 ,0.830289306
2016/9/14,3238.73 ,0.824083357
2016/9/13,3260.33 ,0.8295794
2016/9/12,3262.60 ,0.830156993
2016/9/9,3318.04 ,0.844263505
2016/9/8,3339.56 ,0.849739192
2016/9/7,3340.82 ,0.850059795
2016/9/6,3342.63 ,0.850520343
2016/9/5,3319.68 ,0.844680797
2016/9/2,3314.11 ,0.84326353
2016/9/1,3301.58 ,0.840075316
2016/8/31,3327.79 ,0.846744358
2016/8/30,3311.99 ,0.842724104
2016/8/29,3307.78 ,0.841652884
2016/8/26,3307.09 ,0.841477316
2016/8/25,3308.97 ,0.841955675
2016/8/24,3329.86 ,0.847271062
2016/8/23,3341.83 ,0.850316786
2016/8/22,3336.80 ,0.84903692
2016/8/19,3365.02 ,0.856217399
2016/8/18,3364.49 ,0.856082542
2016/8/17,3373.05 ,0.858260604
2016/8/16,3378.25 ,0.859583726
2016/8/15,3393.42 ,0.863443678
2016/8/12,3294.23 ,0.838205135
2016/8/11,3233.36 ,0.822716979
2016/8/10,3243.34 ,0.825256355
2016/8/9,3256.98 ,0.828727004
2016/8/8,3234.18 ,0.822925625
2016/8/5,3205.11 ,0.815528867
2016/8/4,3201.29 ,0.814556882
2016/8/3,3193.51 ,0.812577288
2016/8/2,3189.05 ,0.811442457
2016/8/1,3176.81 ,0.808328032
2016/7/29,3203.93 ,0.81522862
2016/7/28,3221.14 ,0.819607644
2016/7/27,3218.24 ,0.818869749
2016/7/26,3269.59 ,0.831935574
2016/7/25,3230.89 ,0.822088496
2016/7/22,3225.16 ,0.820630518
2016/7/21,3252.52 ,0.827592173
2016/7/20,3237.61 ,0.823798377
2016/7/19,3248.23 ,0.826500598
2016/7/18,3262.02 ,0.830009415
2016/7/15,3276.28 ,0.833637821
2016/7/14,3276.76 ,0.833759955
2016/7/13,3282.87 ,0.835314623
2016/7/12,3273.18 ,0.832849037
2016/7/11,3203.33 ,0.815075952
2016/7/8,3192.28 ,0.812264319
2016/7/7,3209.95 ,0.816760388
2016/7/6,3216.80 ,0.818503346
2016/7/5,3207.38 ,0.81610646
2016/7/4,3204.70 ,0.815424544
2016/7/1,3154.20 ,0.802574998
2016/6/30,3153.92 ,0.802503753
2016/6/29,3151.39 ,0.801860004
2016/6/28,3136.40 ,0.798045851
2016/6/27,3120.54 ,0.794010331
2016/6/24,3077.16 ,0.782972443
2016/6/23,3117.32 ,0.793191013
2016/6/22,3133.96 ,0.797425002
2016/6/21,3106.32 ,0.790392102
2016/6/20,3112.67 ,0.792007837
2016/6/17,3110.36 ,0.791420066
2016/6/16,3094.68 ,0.787430345
2016/6/15,3116.37 ,0.792949289
2016/6/14,3075.98 ,0.782672197
2016/6/13,3066.34 ,0.780219333
2016/6/8,3163.99 ,0.805066029
2016/6/7,3177.05 ,0.8083891
2016/6/6,3178.79 ,0.808831836
2016/6/3,3189.33 ,0.811513702
2016/6/2,3167.10 ,0.805857357
2016/6/1,3160.55 ,0.804190733
2016/5/31,3169.56 ,0.806483296
2016/5/30,3066.71 ,0.780313478
2016/5/27,3062.50 ,0.779242258
2016/5/26,3064.21 ,0.779677362
2016/5/25,3059.23 ,0.778410219
2016/5/24,3063.56 ,0.779511972
2016/5/23,3087.22 ,0.785532175
2016/5/20,3078.22 ,0.783242157
2016/5/19,3062.50 ,0.779242258
2016/5/18,3068.04 ,0.780651892
2016/5/17,3086.03 ,0.785229383
2016/5/16,3095.31 ,0.787590647
2016/5/13,3074.94 ,0.782407572
2016/5/12,3090.14 ,0.786275158
2016/5/11,3082.81 ,0.784410066
2016/5/10,3069.11 ,0.78092415
2016/5/9,3065.62 ,0.780036131
2016/5/6,3130.35 ,0.79650645
2016/5/5,3213.92 ,0.81777054
2016/5/4,3209.46 ,0.816635709
2016/5/3,3213.54 ,0.817673851
2016/4/29,3156.75 ,0.803223837
2016/4/28,3160.58 ,0.804198366
2016/4/27,3165.92 ,0.805557111
2016/4/26,3179.16 ,0.808925982
2016/4/25,3162.03 ,0.804567314
2016/4/22,3174.90 ,0.80784204
2016/4/21,3160.60 ,0.804203455
2016/4/20,3181.03 ,0.809401796
2016/4/19,3238.30 ,0.823973945
2016/4/18,3228.45 ,0.821467647
2016/4/15,3272.21 ,0.832602224
2016/4/14,3275.83 ,0.83352332
2016/4/13,3261.38 ,0.829846569
2016/4/12,3218.45 ,0.818923183
2016/4/11,3230.10 ,0.821887484
2016/4/8,3185.73 ,0.810597695
2016/4/7,3209.29 ,0.816592453
2016/4/6,3257.53 ,0.82886695
2016/4/5,3264.49 ,0.830637897
2016/4/1,3221.90 ,0.819801023
2016/3/31,3218.09 ,0.818831582
2016/3/30,3216.28 ,0.818371034
2016/3/29,3135.41 ,0.797793949
2016/3/28,3169.73 ,0.806526551
2016/3/25,3197.82 ,0.813673952
2016/3/24,3181.85 ,0.809610442
2016/3/23,3236.09 ,0.823411618
2016/3/22,3225.79 ,0.82079082
2016/3/21,3249.44 ,0.826808478
2016/3/18,3171.96 ,0.807093967
2016/3/17,3124.20 ,0.794941605
2016/3/16,3090.03 ,0.786247169
2016/3/15,3074.78 ,0.782366861
2016/3/14,3065.69 ,0.780053943
2016/3/11,3018.28 ,0.767990636
2016/3/10,3013.15 ,0.766685326
2016/3/9,3071.91 ,0.7816366
2016/3/8,3107.67 ,0.790735605
2016/3/7,3104.84 ,0.790015521
2016/3/4,3093.89 ,0.787229333
2016/3/3,3058.42 ,0.778204117
2016/3/2,3051.33 ,0.776400092
2016/3/1,2930.69 ,0.745703672
2016/2/29,2877.47 ,0.732162032
2016/2/26,2948.03 ,0.750115773
2016/2/25,2918.75 ,0.742665581
2016/2/24,3109.55 ,0.791213964
2016/2/23,3089.36 ,0.78607669
2016/2/22,3118.87 ,0.793585405
2016/2/19,3051.59 ,0.776466248
2016/2/18,3053.70 ,0.77700313
2016/2/17,3063.32 ,0.779450905
2016/2/16,3037.04 ,0.772764052
2016/2/15,2946.71 ,0.749779904
2016/2/5,2963.79 ,0.754125849
2016/2/4,2984.76 ,0.759461591
2016/2/3,2948.64 ,0.750270985
2016/2/2,2961.33 ,0.753499911
2016/2/1,2901.05 ,0.738161879
2016/1/29,2946.09 ,0.749622147
2016/1/28,2853.76 ,0.726129106
2016/1/27,2930.35 ,0.74561716
2016/1/26,2940.51 ,0.748202336
2016/1/25,3128.89 ,0.796134958
2016/1/22,3113.46 ,0.79220885
2016/1/21,3081.35 ,0.784038574
2016/1/20,3174.38 ,0.807709727
2016/1/19,3223.13 ,0.820113992
2016/1/18,3130.73 ,0.79660314
2016/1/15,3118.73 ,0.793549782
2016/1/14,3221.57 ,0.819717056
2016/1/13,3155.88 ,0.803002468
2016/1/12,3215.71 ,0.818225999
2016/1/11,3192.45 ,0.812307575
2016/1/8,3361.56 ,0.855337014
2016/1/7,3294.38 ,0.838243302
2016/1/6,3539.81 ,0.900692094
2016/1/5,3478.78 ,0.885163227
2016/1/4,3469.07 ,0.882692552
2015/12/31,3731.01 ,0.949342256
2015/12/30,3765.18 ,0.958036691
2015/12/29,3761.88 ,0.957197018
2015/12/28,3727.63 ,0.948482227
2015/12/25,3838.20 ,0.976616371
2015/12/24,3829.40 ,0.974377242
2015/12/23,3866.38 ,0.983786672
2015/12/22,3876.73 ,0.986420193
2015/12/21,3865.97 ,0.983682349
2015/12/18,3767.91 ,0.95873133
2015/12/17,3755.89 ,0.955672884
2015/12/16,3685.44 ,0.937747131
2015/12/15,3694.39 ,0.940024427
2015/12/14,3711.32 ,0.944332205
2015/12/11,3608.06 ,0.918058065
2015/12/10,3623.08 ,0.92187985
2015/12/9,3635.94 ,0.925152032
2015/12/8,3623.02 ,0.921864584
2015/12/7,3687.61 ,0.93829928
2015/12/4,3677.59 ,0.935749726
2015/12/3,3749.30 ,0.953996082
2015/12/2,3721.96 ,0.947039516
2015/12/1,3591.70 ,0.913895321
2015/11/30,3566.41 ,0.90746037
2015/11/27,3556.99 ,0.905063484
2015/11/26,3759.43 ,0.956573624
2015/11/25,3781.61 ,0.962217246
2015/11/24,3753.89 ,0.955163991
2015/11/23,3753.34 ,0.955024045
2015/11/20,3774.38 ,0.960377599
2015/11/19,3774.97 ,0.960527722
2015/11/18,3715.58 ,0.945416147
2015/11/17,3758.39 ,0.956309
2015/11/16,3764.13 ,0.957769522
2015/11/13,3746.24 ,0.953217475
2015/11/12,3795.32 ,0.965705707
2015/11/11,3833.65 ,0.97545864
2015/11/10,3833.24 ,0.975354317
2015/11/9,3840.36 ,0.977165975
2015/11/6,3793.37 ,0.965209537
2015/11/5,3705.97 ,0.942970917
2015/11/4,3628.54 ,0.923269128
2015/11/3,3465.49 ,0.881781634
2015/11/2,3475.96 ,0.884445688
2015/10/30,3534.08 ,0.899234116
2015/10/29,3533.31 ,0.899038192
2015/10/28,3524.92 ,0.896903387
2015/10/27,3592.88 ,0.914195568
2015/10/26,3589.26 ,0.913274471
2015/10/23,3571.24 ,0.908689346
2015/10/22,3524.53 ,0.896804153
2015/10/21,3473.25 ,0.883756139
2015/10/20,3577.70 ,0.91033307
2015/10/19,3534.18 ,0.899259561
2015/10/16,3534.07 ,0.899231572
2015/10/15,3486.82 ,0.887208977
2015/10/14,3406.11 ,0.866672604
2015/10/13,3445.04 ,0.876578204
2015/10/12,3447.69 ,0.877252487
2015/10/9,3340.12 ,0.849881682
2015/10/8,3296.48 ,0.838777639
2015/9/30,3202.95 ,0.814979263
2015/9/29,3178.85 ,0.808847103
2015/9/28,3242.75 ,0.825106231
2015/9/25,3231.95 ,0.82235821
2015/9/24,3285.00 ,0.835856594
2015/9/23,3263.03 ,0.830266405
2015/9/22,3339.03 ,0.849604336
2015/9/21,3308.25 ,0.841772474
2015/9/18,3251.27 ,0.827274115
2015/9/17,3237.00 ,0.823643164
2015/9/16,3309.25 ,0.84202692
2015/9/15,3152.23 ,0.802073739
2015/9/14,3281.13 ,0.834871886
2015/9/11,3347.19 ,0.851680619
2015/9/10,3357.56 ,0.854319229
2015/9/9,3399.31 ,0.864942368
2015/9/8,3334.02 ,0.848329559
2015/9/7,3250.49 ,0.827075647
2015/9/2,3365.83 ,0.856423501
2015/9/1,3362.08 ,0.855469326
2015/8/31,3366.54 ,0.856604158
2015/8/28,3342.29 ,0.850433831
2015/8/27,3205.64 ,0.815663724
2015/8/26,3025.69 ,0.769876085
2015/8/25,3042.93 ,0.774262741
2015/8/24,3275.53 ,0.833446986
2015/8/21,3589.54 ,0.913345716
2015/8/20,3761.45 ,0.957087606
2015/8/19,3886.14 ,0.988814534
2015/8/18,3825.41 ,0.973362001
2015/8/17,4077.87 ,1.037599552
2015/8/14,4073.54 ,1.036497799
2015/8/13,4075.46 ,1.036986336
2015/8/12,4016.13 ,1.021890028
2015/8/11,4066.67 ,1.034749752
2015/8/10,4084.37 ,1.039253454
2015/8/7,3906.95 ,0.994109565
2015/8/6,3831.85 ,0.975000636
2015/8/5,3866.90 ,0.983918984
2015/8/4,3948.16 ,1.004595303
2015/8/3,3829.24 ,0.974336531
2015/7/31,3816.70 ,0.971145772
2015/7/30,3815.41 ,0.970817536
2015/7/29,3930.38 ,1.000071245
2015/7/28,3811.09 ,0.969718328
2015/7/27,3818.73 ,0.971662299
2015/7/24,4176.28 ,1.062639627
2015/7/23,4250.81 ,1.081603522
2015/7/22,4157.16 ,1.057774611
2015/7/21,4166.01 ,1.060026462
2015/7/20,4160.61 ,1.058652452
2015/7/17,4151.50 ,1.056334444
2015/7/16,3997.36 ,1.017114068
2015/7/15,3966.76 ,1.009328007
2015/7/14,4112.15 ,1.046321977
2015/7/13,4211.81 ,1.07168011
2015/7/10,4106.56 ,1.044899621
2015/7/9,3897.63 ,0.991738124
2015/7/8,3663.04 ,0.932047531
2015/7/7,3928.00 ,0.999465662
2015/7/6,3998.54 ,1.017414315
2015/7/3,3885.92 ,0.988758556
2015/7/2,4108.00 ,1.045266024
2015/7/1,4253.02 ,1.082165848
2015/6/30,4473.00 ,1.138138979
2015/6/29,4191.55 ,1.066525025
2015/6/26,4336.20 ,1.103330704
2015/6/25,4706.52 ,1.197557314
2015/6/24,4880.13 ,1.241731763
2015/6/23,4786.09 ,1.217803618
2015/6/19,4637.05 ,1.179880919
2015/6/18,4930.55 ,1.254560953
2015/6/17,5138.83 ,1.30755706
2015/6/16,5064.82 ,1.288725478
2015/6/15,5221.17 ,1.32850818
2015/6/12,5335.12 ,1.357502354
2015/6/11,5306.59 ,1.350242996
2015/6/10,5309.11 ,1.350884201
2015/6/9,5317.46 ,1.353008829
2015/6/8,5353.75 ,1.362242691
2015/6/5,5230.55 ,1.330894888
2015/6/4,5181.42 ,1.318393934
2015/6/3,5143.59 ,1.308768225
2015/6/2,5161.87 ,1.313419506
2015/6/1,5076.18 ,1.291615989
2015/5/29,4840.83 ,1.231732017
2015/5/28,4834.01 ,1.229996692
2015/5/27,5181.43 ,1.318396478
2015/5/26,5198.92 ,1.322846747
2015/5/25,5099.50 ,1.297549681
2015/5/22,4951.34 ,1.259850894
2015/5/21,4840.98 ,1.231770184
2015/5/20,4754.92 ,1.209872522
2015/5/19,4731.22 ,1.203842141
2015/5/18,4575.14 ,1.164128139
2015/5/15,4617.47 ,1.174898858
2015/5/14,4700.78 ,1.196096791
2015/5/13,4718.44 ,1.200590316
2015/5/12,4747.42 ,1.207964174
2015/5/11,4690.53 ,1.193488715
2015/5/8,4558.40 ,1.159868706
2015/5/7,4470.09 ,1.137398539
2015/5/6,4553.33 ,1.158578662
2015/5/5,4596.84 ,1.169649627
2015/5/4,4787.74 ,1.218223455
2015/4/30,4749.89 ,1.208592657
2015/4/29,4774.33 ,1.214811328
2015/4/28,4741.86 ,1.206549452
2015/4/27,4807.59 ,1.223274217
2015/4/24,4702.64 ,1.196570062
2015/4/23,4740.89 ,1.206302639
2015/4/22,4739.81 ,1.206027836
2015/4/21,4619.16 ,1.175328872
2015/4/20,4521.92 ,1.150586499
2015/4/17,4596.14 ,1.169471515
2015/4/16,4513.55 ,1.148456782
2015/4/15,4380.51 ,1.114605226
2015/4/14,4438.18 ,1.129279153
2015/4/13,4421.07 ,1.124925574
2015/4/10,4344.42 ,1.105422254
2015/4/9,4262.14 ,1.0844864
2015/4/8,4295.80 ,1.093051067
2015/4/7,4260.04 ,1.083952062
2015/4/3,4170.54 ,1.061179105
2015/4/2,4124.78 ,1.049535635
2015/4/1,4123.90 ,1.049311722
2015/3/31,4051.20 ,1.030813465
2015/3/30,4088.18 ,1.040222895
2015/3/27,3971.70 ,1.010584972
2015/3/26,3950.00 ,1.005063484
2015/3/25,3940.41 ,1.002623343
2015/3/24,3973.05 ,1.010928475
2015/3/23,3972.06 ,1.010676573
2015/3/20,3892.57 ,0.990450625
2015/3/19,3839.74 ,0.977008219
2015/3/18,3846.06 ,0.97861632
2015/3/17,3757.12 ,0.955985853
2015/3/16,3705.67 ,0.942894583
2015/3/13,3617.66 ,0.920500751
2015/3/12,3592.84 ,0.91418539
2015/3/11,3524.65 ,0.896834686
2015/3/10,3520.61 ,0.895806722
2015/3/9,3537.75 ,0.900167935
2015/3/6,3478.52 ,0.885097071
2015/3/5,3496.34 ,0.889631307
2015/3/4,3530.82 ,0.898404621
2015/3/3,3507.90 ,0.892572708
2015/3/2,3601.27 ,0.916330373
2015/2/27,3572.84 ,0.909096461
2015/2/26,3566.30 ,0.907432381
2015/2/25,3478.73 ,0.885150505
2015/2/17,3522.32 ,0.896241826
2015/2/16,3499.48 ,0.890430269
2015/2/13,3469.83 ,0.882885932
2015/2/12,3442.87 ,0.876026055
2015/2/11,3434.12 ,0.873799649
2015/2/10,3406.94 ,0.866883794
2015/2/9,3345.92 ,0.851357472
2015/2/6,3312.42 ,0.842833516
2015/2/5,3366.95 ,0.856708481
2015/2/4,3401.77 ,0.865568306
2015/2/3,3437.45 ,0.874646956
2015/2/2,3353.96 ,0.853403221
2015/1/30,3434.39 ,0.873868349
2015/1/29,3481.80 ,0.885931656
2015/1/28,3525.32 ,0.897005165
2015/1/27,3574.93 ,0.909628254
2015/1/26,3607.99 ,0.918040253
2015/1/23,3571.73 ,0.908814025
2015/1/22,3567.61 ,0.907765706
2015/1/21,3548.89 ,0.903002468
2015/1/20,3396.22 ,0.864156128
2015/1/19,3355.16 ,0.853708557
2015/1/16,3635.15 ,0.924951019
2015/1/15,3604.12 ,0.917055546
2015/1/14,3502.42 ,0.891178342
2015/1/13,3514.04 ,0.894135009
2015/1/12,3513.58 ,0.894017964
2015/1/9,3546.72 ,0.902450319
2015/1/8,3559.26 ,0.905641078
2015/1/7,3643.79 ,0.927149436
2015/1/6,3641.06 ,0.926454798
2015/1/5,3641.54 ,0.926576932
2014/12/31,3533.71 ,0.899139971
2014/12/30,3457.55 ,0.879761329
2014/12/29,3455.46 ,0.879229536
2014/12/26,3445.84 ,0.876781761
2014/12/25,3335.42 ,0.848685784
2014/12/24,3230.39 ,0.821961273
2014/12/23,3324.92 ,0.846014096
2014/12/22,3394.48 ,0.863713392
2014/12/19,3383.17 ,0.860835602
2014/12/18,3345.93 ,0.851360016
2014/12/17,3360.60 ,0.855092746
2014/12/16,3303.40 ,0.840538409
2014/12/15,3217.23 ,0.818612758
2014/12/12,3193.23 ,0.812506043
2014/12/11,3183.01 ,0.8099056
2014/12/10,3221.55 ,0.819711967
2014/12/9,3106.91 ,0.790542225
2014/12/8,3252.88 ,0.827683774
2014/12/5,3124.89 ,0.795117173
2014/12/4,3104.35 ,0.789890842
2014/12/3,2967.55 ,0.755082568
2014/12/2,2923.94 ,0.743986158
2014/12/1,2819.81 ,0.717490649
2014/11/28,2808.82 ,0.714694283
2014/11/27,2754.49 ,0.700870207
2014/11/26,2723.02 ,0.692862777
2014/11/25,2685.56 ,0.683331213
2014/11/24,2649.26 ,0.674094807
2014/11/21,2583.46 ,0.65735223
2014/11/20,2537.10 ,0.645556093
2014/11/19,2537.22 ,0.645586626
2014/11/18,2541.42 ,0.646655301
2014/11/17,2567.10 ,0.653189486
2014/11/15,2665.65 ,0.678265184
2014/11/14,2581.09 ,0.656749192
2014/11/13,2579.75 ,0.656408234
2014/11/12,2594.32 ,0.660115519
2014/11/11,2558.61 ,0.651029236
2014/11/10,2565.73 ,0.652840895
2014/11/7,2502.15 ,0.636663189
2014/11/6,2506.07 ,0.637660619
2014/11/5,2503.45 ,0.63699397
2014/11/4,2513.17 ,0.639467189
2014/11/3,2512.55 ,0.639309432
2014/10/31,2508.33 ,0.638235668
2014/10/30,2468.93 ,0.628210478
2014/10/29,2451.38 ,0.623744943
2014/10/28,2416.65 ,0.614908018
2014/10/27,2368.83 ,0.602740388
2014/10/24,2390.71 ,0.608307677
2014/10/23,2395.94 ,0.609638432
2014/10/22,2418.64 ,0.615414366
2014/10/21,2433.39 ,0.619167451
2014/10/20,2454.71 ,0.62459225
2014/10/17,2441.73 ,0.621289535
2014/10/16,2444.40 ,0.621968907
2014/10/15,2463.87 ,0.626922979
2014/10/14,2446.56 ,0.622518511
2014/10/13,2454.95 ,0.624653317
2014/10/10,2466.79 ,0.627665963
2014/10/9,2481.96 ,0.631525915
2014/10/8,2478.38 ,0.630614997
2014/9/30,2450.99 ,0.623645709
2014/9/29,2447.80 ,0.622834025
2014/9/26,2437.20 ,0.620136892
2014/9/25,2436.97 ,0.62007837
2014/9/24,2441.86 ,0.621322613
2014/9/23,2399.46 ,0.610534083
2014/9/22,2378.92 ,0.605307753
2014/9/19,2425.21 ,0.617086079
2014/9/18,2408.66 ,0.61287499
2014/9/17,2401.33 ,0.611009898
2014/9/16,2388.77 ,0.607814051
2014/9/15,2437.19 ,0.620134348
2014/9/12,2438.36 ,0.62043205
2014/9/11,2423.45 ,0.616638253
2014/9/10,2432.43 ,0.618923183
2014/9/9,2445.22 ,0.622177553
2014/9/5,2449.26 ,0.623205516
2014/9/4,2426.22 ,0.61734307
2014/9/3,2408.84 ,0.612920791
2014/9/2,2386.46 ,0.607226279
2014/9/1,2355.32 ,0.599302817
2014/8/29,2338.29 ,0.594969594
2014/8/28,2311.28 ,0.588096995
2014/8/27,2327.60 ,0.592249561
2014/8/26,2324.09 ,0.591356454
2014/8/25,2342.86 ,0.596132414
2014/8/22,2365.36 ,0.601857459
2014/8/21,2354.24 ,0.599028015
2014/8/20,2366.14 ,0.602055927
2014/8/19,2374.77 ,0.6042518
2014/8/18,2374.56 ,0.604198366
2014/8/15,2360.64 ,0.600656472
2014/8/14,2335.95 ,0.594374189
2014/8/13,2358.90 ,0.600213735
2014/8/12,2357.05 ,0.599743009
2014/8/11,2365.35 ,0.601854915
2014/8/8,2331.13 ,0.593147757
2014/8/7,2327.46 ,0.592213939
2014/8/6,2363.22 ,0.601312944
2014/8/5,2369.35 ,0.6028727
2014/8/4,2375.62 ,0.60446808
2014/8/1,2329.40 ,0.592707565
2014/7/31,2350.25 ,0.598012773
2014/7/30,2322.01 ,0.590827205
2014/7/29,2331.37 ,0.593208824
2014/7/28,2323.90 ,0.591308109
2014/7/25,2260.45 ,0.575163482
2014/7/24,2237.02 ,0.569201801
2014/7/23,2197.83 ,0.559230045
2014/7/22,2192.70 ,0.557924735
2014/7/21,2166.30 ,0.551207348
2014/7/18,2164.14 ,0.550657744
2014/7/17,2157.07 ,0.548858808
2014/7/16,2170.87 ,0.552370169
2014/7/15,2174.98 ,0.553415944
2014/7/14,2171.76 ,0.552596626
2014/7/11,2148.01 ,0.546553523
2014/7/10,2142.85 ,0.545240579
2014/7/9,2148.71 ,0.546731635
2014/7/8,2180.47 ,0.554812855
2014/7/7,2176.29 ,0.553749268
2014/7/4,2178.70 ,0.554362484
2014/7/3,2180.19 ,0.55474161
2014/7/2,2170.87 ,0.552370169
2014/7/1,2164.56 ,0.550764612
2014/6/30,2165.12 ,0.550907102
2014/6/27,2150.26 ,0.547126027
2014/6/26,2149.08 ,0.546825781
2014/6/25,2133.37 ,0.542828427
2014/6/24,2144.82 ,0.545741839
2014/6/23,2134.11 ,0.543016717
2014/6/20,2136.73 ,0.543683367
2014/6/19,2126.91 ,0.541184703
2014/6/18,2160.24 ,0.549665403
2014/6/17,2169.67 ,0.552064833
2014/6/16,2191.86 ,0.557711
2014/6/13,2176.24 ,0.553736546
2014/6/12,2153.41 ,0.547927534
2014/6/11,2160.77 ,0.54980026
2014/6/10,2161.27 ,0.549927483
2014/6/9,2134.28 ,0.543059973
2014/6/6,2134.72 ,0.543171929
2014/6/5,2150.60 ,0.547212539
2014/6/4,2128.27 ,0.54153075
2014/6/3,2150.22 ,0.547115849
2014/5/30,2156.46 ,0.548703595
2014/5/29,2155.16 ,0.548372815
2014/5/28,2169.35 ,0.55198341
2014/5/27,2147.28 ,0.546367777
2014/5/26,2155.98 ,0.548581461
2014/5/23,2148.41 ,0.546655301
2014/5/22,2130.87 ,0.542192311
2014/5/21,2135.91 ,0.543474721
2014/5/20,2115.77 ,0.538350169
2014/5/19,2115.14 ,0.538189868
2014/5/16,2145.95 ,0.546029363
2014/5/15,2144.08 ,0.545553548
2014/5/14,2172.37 ,0.552751838
2014/5/13,2174.85 ,0.553382866
2014/5/12,2180.05 ,0.554705987
2014/5/9,2133.91 ,0.542965828
2014/5/8,2135.50 ,0.543370398
2014/5/7,2137.32 ,0.54383349
2014/5/6,2157.33 ,0.548924964
2014/5/5,2156.47 ,0.54870614
2014/4/30,2158.66 ,0.549263378
2014/4/29,2158.47 ,0.549215033
2014/4/28,2134.97 ,0.543235541
2014/4/25,2167.83 ,0.551596651
2014/4/24,2190.47 ,0.557357319
2014/4/23,2194.67 ,0.558425994
2014/4/22,2196.80 ,0.558967965
2014/4/21,2187.25 ,0.556538002
2014/4/18,2224.48 ,0.566011043
2014/4/17,2224.80 ,0.566092466
2014/4/16,2232.53 ,0.568059337
2014/4/15,2229.46 ,0.567278186
2014/4/14,2268.61 ,0.577239765
2014/4/11,2270.67 ,0.577763925
2014/4/10,2273.76 ,0.578550164
2014/4/9,2238.62 ,0.569608916
2014/4/8,2237.32 ,0.569278135
2014/4/4,2185.47 ,0.556085087
2014/4/3,2165.01 ,0.550879112
2014/4/2,2180.73 ,0.554879011
2014/4/1,2163.12 ,0.550398209
2014/3/31,2146.31 ,0.546120964
2014/3/28,2151.97 ,0.547561131
2014/3/27,2155.71 ,0.54851276
2014/3/26,2171.05 ,0.552415969
2014/3/25,2174.44 ,0.553278543
2014/3/24,2176.55 ,0.553815425
2014/3/21,2158.80 ,0.549299
2014/3/20,2086.97 ,0.531022111
2014/3/19,2120.87 ,0.539647846
2014/3/18,2138.13 ,0.544039592
2014/3/17,2143.04 ,0.545288924
2014/3/14,2122.84 ,0.540149106
2014/3/13,2140.33 ,0.544599374
2014/3/12,2114.13 ,0.537932877
2014/3/11,2108.66 ,0.536541055
2014/3/10,2097.79 ,0.533775222
2014/3/7,2168.36 ,0.551731508
2014/3/6,2173.63 ,0.553072441
2014/3/5,2163.98 ,0.550617033
2014/3/4,2184.27 ,0.555779751
2014/3/3,2190.37 ,0.557331875
2014/2/28,2178.97 ,0.554431185
2014/2/27,2154.11 ,0.548105646
2014/2/26,2163.41 ,0.550471998
2014/2/25,2157.91 ,0.549072543
2014/2/24,2214.51 ,0.563474212
2014/2/21,2264.29 ,0.576140556
2014/2/20,2287.44 ,0.582030992
2014/2/19,2308.66 ,0.587430345
2014/2/18,2282.44 ,0.580758759
2014/2/17,2311.65 ,0.58819114
2014/2/14,2295.58 ,0.584102186
2014/2/13,2279.55 ,0.580023409
2014/2/12,2291.25 ,0.583000433
2014/2/11,2285.56 ,0.581552632
2014/2/10,2267.53 ,0.576964963
2014/2/7,2212.48 ,0.562957686
2014/1/30,2202.45 ,0.560405588
2014/1/29,2227.78 ,0.566850716
2014/1/28,2219.86 ,0.5648355
2014/1/27,2215.92 ,0.563832981
2014/1/24,2245.68 ,0.571405308
2014/1/23,2231.89 ,0.567896491
2014/1/22,2243.80 ,0.570926948
2014/1/21,2187.41 ,0.556578713
2014/1/20,2165.99 ,0.55112847
2014/1/17,2178.49 ,0.554309051
2014/1/16,2211.84 ,0.56279484
2014/1/15,2208.94 ,0.562056945
2014/1/14,2212.85 ,0.563051831
2014/1/13,2193.68 ,0.558174092
2014/1/10,2204.85 ,0.561016259
2014/1/9,2222.22 ,0.565435994
2014/1/8,2241.91 ,0.570446045
2014/1/7,2238.00 ,0.569451159
2014/1/6,2238.64 ,0.569614005
2014/1/3,2290.78 ,0.582880843
2014/1/2,2321.98 ,0.590819572
2013/12/31,2330.03 ,0.592867866
2013/12/30,2299.46 ,0.585089438
2013/12/27,2303.48 ,0.586112313
2013/12/26,2265.33 ,0.576405181
2013/12/25,2305.11 ,0.58652706
2013/12/24,2288.25 ,0.582237093
2013/12/23,2284.60 ,0.581308364
2013/12/20,2278.14 ,0.57966464
2013/12/19,2332.41 ,0.593473449
2013/12/18,2357.23 ,0.599788809
2013/12/17,2356.38 ,0.59957253
2013/12/16,2367.92 ,0.602508842
2013/12/13,2406.64 ,0.612361009
2013/12/12,2410.02 ,0.613221038
2013/12/11,2412.76 ,0.613918221
2013/12/10,2453.32 ,0.624238569
2013/12/9,2450.87 ,0.623615175
2013/12/6,2452.29 ,0.623976489
2013/12/5,2468.20 ,0.628024732
2013/12/4,2475.14 ,0.629790591
2013/12/3,2442.78 ,0.621556703
2013/12/2,2418.79 ,0.615452533
2013/11/29,2438.94 ,0.620579629
2013/11/28,2439.53 ,0.620729752
2013/11/27,2414.48 ,0.614355869
2013/11/26,2387.42 ,0.607470548
2013/11/25,2388.63 ,0.607778428
2013/11/22,2397.96 ,0.610152413
2013/11/21,2409.99 ,0.613213404
2013/11/20,2424.85 ,0.616994479
2013/11/19,2412.16 ,0.613765553
2013/11/18,2428.90 ,0.618024987
2013/11/15,2350.73 ,0.598134908
2013/11/14,2304.50 ,0.586371848
2013/11/13,2288.12 ,0.582204015
2013/11/12,2340.00 ,0.595404697
2013/11/11,2315.89 ,0.589269993
2013/11/8,2307.95 ,0.587249688
2013/11/7,2340.55 ,0.595544643
2013/11/6,2353.57 ,0.598857535
2013/11/5,2383.77 ,0.606541818
2013/11/4,2380.45 ,0.605697056
2013/11/1,2384.96 ,0.60684461
2013/10/31,2373.72 ,0.603984631
2013/10/30,2407.47 ,0.612572199
2013/10/29,2372.05 ,0.603559706
2013/10/28,2365.95 ,0.602007583
2013/10/25,2368.56 ,0.602671688
2013/10/24,2400.51 ,0.610801252
2013/10/23,2418.49 ,0.615376199
2013/10/22,2445.89 ,0.622348032
2013/10/21,2471.32 ,0.628818605
2013/10/18,2426.05 ,0.617299814
2013/10/17,2413.33 ,0.614063255
2013/10/16,2421.37 ,0.616109005
2013/10/15,2467.52 ,0.627851709
2013/10/14,2472.54 ,0.62912903
2013/10/11,2468.51 ,0.628103611
2013/10/10,2429.32 ,0.618131854
2013/10/9,2453.58 ,0.624304725
2013/10/8,2441.81 ,0.62130989
2013/9/30,2409.04 ,0.61297168
2013/9/27,2394.97 ,0.609391619
2013/9/26,2384.44 ,0.606712297
2013/9/25,2429.03 ,0.618058065
2013/9/24,2443.89 ,0.621839139
2013/9/23,2472.29 ,0.629065418
2013/9/18,2432.51 ,0.618943538
2013/9/17,2427.32 ,0.617622961
2013/9/16,2478.39 ,0.630617542
2013/9/13,2488.90 ,0.633291774
2013/9/12,2507.46 ,0.6380143
2013/9/11,2482.89 ,0.631762551
2013/9/10,2474.89 ,0.629726979
2013/9/9,2440.61 ,0.621004555
2013/9/6,2357.78 ,0.599928755
2013/9/5,2341.74 ,0.595847434
2013/9/4,2350.70 ,0.598127274
2013/9/3,2354.50 ,0.599094171
2013/9/2,2320.34 ,0.59040228
2013/8/30,2313.91 ,0.588766189
2013/8/29,2318.31 ,0.589885754
2013/8/28,2328.06 ,0.592366606
2013/8/27,2340.88 ,0.59562861
2013/8/26,2335.62 ,0.594290222
2013/8/23,2286.93 ,0.581901224
2013/8/22,2303.93 ,0.586226814
2013/8/21,2308.59 ,0.587412534
2013/8/20,2312.47 ,0.588399786
2013/8/19,2331.43 ,0.593224091
2013/8/16,2304.14 ,0.586280247
2013/8/15,2321.58 ,0.590717793
2013/8/14,2349.08 ,0.597715071
2013/8/13,2359.07 ,0.600256991
2013/8/12,2352.79 ,0.598659067
2013/8/9,2286.01 ,0.581667133
2013/8/8,2276.78 ,0.579318592
2013/8/7,2280.62 ,0.580295667
2013/8/6,2293.64 ,0.58360856
2013/8/5,2278.33 ,0.579712984
2013/8/2,2247.26 ,0.571807333
2013/8/1,2245.36 ,0.571323885
2013/7/31,2193.02 ,0.558006158
2013/7/30,2189.39 ,0.557082517
2013/7/29,2175.97 ,0.553667846
2013/7/26,2224.01 ,0.565891453
2013/7/25,2237.68 ,0.569369736
2013/7/24,2249.15 ,0.572288237
2013/7/23,2265.85 ,0.576537493
2013/7/22,2202.19 ,0.560339432
2013/7/19,2190.48 ,0.557359864
2013/7/18,2245.33 ,0.571316251
2013/7/17,2282.84 ,0.580860538
2013/7/16,2317.85 ,0.589768708
2013/7/15,2307.30 ,0.587084298
2013/7/12,2275.37 ,0.578959823
2013/7/11,2326.69 ,0.592018015
2013/7/10,2224.07 ,0.56590672
2013/7/9,2162.67 ,0.550283708
2013/7/8,2163.62 ,0.550525432
2013/7/5,2226.85 ,0.566614081
2013/7/4,2221.98 ,0.565374927
2013/7/3,2203.83 ,0.560756724
2013/7/2,2221.98 ,0.565374927
2013/7/1,2213.32 ,0.563171421
2013/6/28,2200.64 ,0.55994504
2013/6/27,2160.74 ,0.549792626
2013/6/26,2168.30 ,0.551716241
2013/6/25,2165.42 ,0.550983436
2013/6/24,2171.21 ,0.55245668
2013/6/21,2317.39 ,0.589651663
2013/6/20,2321.47 ,0.590689804
2013/6/19,2400.77 ,0.610867408
2013/6/18,2418.75 ,0.615442355
2013/6/17,2403.84 ,0.611648559
2013/6/14,2416.77 ,0.614938551
2013/6/13,2399.94 ,0.610656217
2013/6/7,2484.16 ,0.632085698
2013/6/6,2527.85 ,0.643202463
2013/6/5,2560.54 ,0.651520318
2013/6/4,2565.67 ,0.652825628
2013/6/3,2602.62 ,0.662227424
2013/5/31,2606.43 ,0.663196865
2013/5/30,2634.32 ,0.670293377
2013/5/29,2642.56 ,0.672390016
2013/5/28,2644.36 ,0.672848019
2013/5/27,2599.59 ,0.661456451
2013/5/24,2597.23 ,0.660855958
2013/5/23,2582.85 ,0.657197018
2013/5/22,2618.03 ,0.666148444
2013/5/21,2614.85 ,0.665339304
2013/5/20,2609.61 ,0.664006005
2013/5/17,2592.05 ,0.659537925
2013/5/16,2552.71 ,0.649528002
2013/5/15,2506.93 ,0.637879443
2013/5/14,2493.34 ,0.634421516
2013/5/13,2530.77 ,0.643945447
2013/5/10,2540.84 ,0.646507722
2013/5/9,2527.79 ,0.643187196
2013/5/8,2542.80 ,0.647006437
2013/5/7,2529.94 ,0.643734256
2013/5/6,2525.98 ,0.642726648
2013/5/3,2492.91 ,0.634312104
2013/5/2,2449.64 ,0.623302206
2013/4/26,2447.31 ,0.622709346
2013/4/25,2467.88 ,0.627943309
2013/4/24,2495.58 ,0.634991476
2013/4/23,2449.47 ,0.62325895
2013/4/22,2530.67 ,0.643920002
2013/4/19,2533.83 ,0.644724053
2013/4/18,2464.85 ,0.627172337
2013/4/17,2458.47 ,0.625548968
2013/4/16,2459.59 ,0.625833948
2013/4/15,2436.82 ,0.620040203
2013/4/12,2462.11 ,0.626475153
2013/4/11,2477.88 ,0.630487774
2013/4/10,2485.31 ,0.632378311
2013/4/9,2489.43 ,0.63342663
2013/4/8,2472.30 ,0.629067963
2013/4/3,2483.55 ,0.631930485
2013/4/2,2486.39 ,0.632653113
2013/4/1,2493.19 ,0.634383349
2013/3/29,2495.08 ,0.634864253
2013/3/28,2499.30 ,0.635938017
2013/3/27,2583.53 ,0.657370041
2013/3/26,2575.05 ,0.655212336
2013/3/25,2613.10 ,0.664894023
2013/3/22,2618.31 ,0.666219689
2013/3/21,2614.99 ,0.665374927
2013/3/20,2610.17 ,0.664148495
2013/3/19,2525.10 ,0.642502735
2013/3/18,2502.49 ,0.636749701
2013/3/15,2539.87 ,0.646260909
2013/3/14,2534.27 ,0.644836009
2013/3/13,2527.49 ,0.643110862
2013/3/12,2555.62 ,0.650268441
2013/3/11,2592.37 ,0.659619348
2013/3/8,2606.93 ,0.663324088
2013/3/7,2619.48 ,0.666517391
2013/3/6,2650.20 ,0.674333986
2013/3/5,2622.81 ,0.667364698
2013/3/4,2545.72 ,0.647749421
2013/3/1,2668.84 ,0.679076868
2013/2/28,2673.33 ,0.680219333
2013/2/27,2594.68 ,0.660207119
2013/2/26,2567.60 ,0.653316709
2013/2/25,2604.96 ,0.662822829
2013/2/22,2596.60 ,0.660695657
2013/2/21,2610.55 ,0.664245185
2013/2/20,2702.64 ,0.687677158
2013/2/19,2685.61 ,0.683343935
2013/2/18,2737.47 ,0.696539528
2013/2/8,2771.73 ,0.705256864
2013/2/7,2759.87 ,0.702239129
2013/2/6,2775.84 ,0.706302639
2013/2/5,2771.68 ,0.705244141
2013/2/4,2748.03 ,0.699226483
2013/2/1,2743.32 ,0.69802804
2013/1/31,2686.88 ,0.683667082
2013/1/30,2688.71 ,0.684132719
2013/1/29,2675.87 ,0.680865627
2013/1/28,2651.86 ,0.674756368
2013/1/25,2571.67 ,0.654352307
2013/1/24,2582.76 ,0.657174118
2013/1/23,2607.46 ,0.663458945
2013/1/22,2596.90 ,0.660771991
2013/1/21,2610.90 ,0.664334241
2013/1/18,2595.44 ,0.660400499
2013/1/17,2552.76 ,0.649540724
2013/1/16,2577.09 ,0.655731406
2013/1/15,2595.86 ,0.660507366
2013/1/14,2577.73 ,0.655894252
2013/1/11,2483.23 ,0.631849062
2013/1/10,2530.57 ,0.643894557
2013/1/9,2526.13 ,0.642764815
2013/1/8,2525.33 ,0.642561258
2013/1/7,2535.99 ,0.645273657
2013/1/4,2524.41 ,0.642327167
2012/12/31,2522.95 ,0.641955675
2012/12/28,2480.05 ,0.631039923
2012/12/27,2444.59 ,0.622017251
2012/12/26,2457.62 ,0.625332689
2012/12/25,2448.40 ,0.622986692
2012/12/24,2381.22 ,0.60589298
2012/12/21,2372.00 ,0.603546984
2012/12/20,2384.82 ,0.606808987
2012/12/19,2371.11 ,0.603320526
2012/12/18,2368.12 ,0.602559731
2012/12/17,2366.70 ,0.602198417
2012/12/14,2355.87 ,0.599442762
2012/12/13,2242.64 ,0.570631791
2012/12/12,2267.77 ,0.57702603
2012/12/11,2258.50 ,0.574667311
2012/12/10,2271.05 ,0.577860614
2012/12/7,2246.76 ,0.57168011
2012/12/6,2203.60 ,0.560698201
2012/12/5,2207.88 ,0.561787232
2012/12/4,2131.47 ,0.542344978
2012/12/3,2108.85 ,0.5365894
2012/11/30,2139.66 ,0.544428895
2012/11/29,2115.68 ,0.538327269
2012/11/28,2129.16 ,0.541757207
2012/11/27,2150.64 ,0.547222717
2012/11/26,2175.60 ,0.5535737
2012/11/23,2192.68 ,0.557919646
2012/11/22,2177.55 ,0.554069871
2012/11/21,2194.90 ,0.558484517
2012/11/20,2164.88 ,0.550846034
2012/11/19,2174.99 ,0.553418488
2012/11/16,2177.24 ,0.553990993
2012/11/15,2193.62 ,0.558158825
2012/11/14,2223.11 ,0.565662451
2012/11/13,2212.44 ,0.562947508
2012/11/12,2251.85 ,0.572975242
2012/11/9,2240.92 ,0.570194143
2012/11/8,2245.41 ,0.571336607
2012/11/7,2287.51 ,0.582048803
2012/11/6,2292.21 ,0.583244701
2012/11/5,2301.88 ,0.585705198
2012/11/2,2306.77 ,0.586949441
2012/11/1,2297.88 ,0.584687413
2012/10/31,2254.82 ,0.573730948
2012/10/30,2239.88 ,0.569929518
2012/10/29,2235.85 ,0.568904099
2012/10/26,2247.91 ,0.571972723
2012/10/25,2291.24 ,0.582997888
2012/10/24,2307.78 ,0.587206432
2012/10/23,2312.08 ,0.588300552
2012/10/22,2341.59 ,0.595809267
2012/10/19,2332.47 ,0.593488715
2012/10/18,2336.08 ,0.594407267
2012/10/17,2300.80 ,0.585430396
2012/10/16,2298.16 ,0.584758658
2012/10/15,2294.86 ,0.583918984
2012/10/12,2304.53 ,0.586379481
2012/10/11,2302.53 ,0.585870589
2012/10/10,2324.12 ,0.591364087
2012/10/9,2320.16 ,0.590356479
2012/10/8,2270.05 ,0.577606168
2012/9/28,2293.11 ,0.583473703
2012/9/27,2251.72 ,0.572942164
2012/9/26,2184.89 ,0.555937508
2012/9/25,2210.15 ,0.562364825
2012/9/24,2215.52 ,0.563731203
2012/9/21,2199.06 ,0.559543014
2012/9/20,2195.95 ,0.558751686
2012/9/19,2246.24 ,0.571547798
2012/9/18,2235.24 ,0.568748887
2012/9/17,2258.71 ,0.574720745
2012/9/14,2315.54 ,0.589180937
2012/9/13,2298.46 ,0.584834991
2012/9/12,2320.07 ,0.590333579
2012/9/11,2311.89 ,0.588252207
2012/9/10,2326.67 ,0.592012926
2012/9/7,2317.18 ,0.589598229
2012/9/6,2217.82 ,0.56431643
2012/9/5,2199.88 ,0.55975166
2012/9/4,2204.41 ,0.560904303
2012/9/3,2228.37 ,0.56700084
2012/8/31,2204.87 ,0.561021348
2012/8/30,2211.37 ,0.56267525
2012/8/29,2214.81 ,0.563550546
2012/8/28,2238.41 ,0.569555482
2012/8/27,2228.20 ,0.566957584
2012/8/24,2275.68 ,0.579038701
2012/8/23,2302.20 ,0.585786621
2012/8/22,2295.59 ,0.58410473
2012/8/21,2313.70 ,0.588712755
2012/8/20,2301.79 ,0.585682298
2012/8/17,2313.48 ,0.588656777
2012/8/16,2319.67 ,0.590231801
2012/8/15,2331.62 ,0.593272436
2012/8/14,2357.02 ,0.599735376
2012/8/13,2351.93 ,0.598440243
2012/8/10,2399.75 ,0.610607873
2012/8/9,2411.70 ,0.613648508
2012/8/8,2389.80 ,0.60807613
2012/8/7,2388.87 ,0.607839495
2012/8/6,2385.61 ,0.60701
2012/8/3,2353.74 ,0.598900791
2012/8/2,2334.88 ,0.594101931
2012/8/1,2358.65 ,0.600150123
2012/7/31,2332.92 ,0.593603216
2012/7/30,2335.79 ,0.594333478
2012/7/27,2349.11 ,0.597722704
2012/7/26,2347.49 ,0.597310501
2012/7/25,2360.08 ,0.600513982
2012/7/24,2375.99 ,0.604562225
2012/7/23,2365.43 ,0.60187527
2012/7/20,2398.46 ,0.610279637
2012/7/19,2424.32 ,0.616859622
2012/7/18,2414.34 ,0.614320246
2012/7/17,2414.20 ,0.614284624
2012/7/16,2399.73 ,0.610602784
2012/7/13,2450.63 ,0.623554108
2012/7/12,2449.18 ,0.623185161
2012/7/11,2425.57 ,0.61717768
2012/7/10,2406.71 ,0.61237882
2012/7/9,2416.04 ,0.614752805
2012/7/6,2472.61 ,0.629146841
2012/7/5,2430.37 ,0.618399023
2012/7/4,2464.92 ,0.627190148
2012/7/3,2468.72 ,0.628157044
2012/7/2,2465.24 ,0.627271571
2012/6/29,2461.61 ,0.62634793
2012/6/28,2425.73 ,0.617218391
2012/6/27,2447.20 ,0.622681357
2012/6/26,2454.92 ,0.624645683
2012/6/25,2456.52 ,0.625052798
2012/6/21,2512.19 ,0.639217832
2012/6/20,2552.61 ,0.649502557
2012/6/19,2558.62 ,0.65103178
2012/6/18,2581.21 ,0.656779726
2012/6/15,2568.05 ,0.65343121
2012/6/14,2560.42 ,0.651489784
2012/6/13,2580.64 ,0.656634691
2012/6/12,2540.18 ,0.646339788
2012/6/11,2558.27 ,0.650942724
2012/6/8,2524.33 ,0.642306812
2012/6/7,2542.18 ,0.646848681
2012/6/6,2557.40 ,0.650721356
2012/6/5,2558.84 ,0.651087759
2012/6/4,2559.03 ,0.651136103
2012/6/1,2633.00 ,0.669957507
2012/5/31,2632.04 ,0.669713239
2012/5/30,2642.26 ,0.672313682
2012/5/29,2650.85 ,0.674499377
2012/5/28,2614.69 ,0.665298593
2012/5/25,2573.10 ,0.654716165
2012/5/24,2595.26 ,0.660354698
2012/5/23,2616.87 ,0.665853286
2012/5/22,2627.53 ,0.668565685
2012/5/21,2587.23 ,0.658311493
2012/5/18,2573.98 ,0.654940078
2012/5/17,2613.94 ,0.665107758
2012/5/16,2574.65 ,0.655110557
2012/5/15,2617.37 ,0.665980509
2012/5/14,2615.53 ,0.665512328
2012/5/11,2636.92 ,0.670954938
2012/5/10,2657.21 ,0.676117656
2012/5/9,2657.51 ,0.67619399
2012/5/8,2709.12 ,0.689325971
2012/5/7,2717.78 ,0.691529478
2012/5/4,2715.88 ,0.691046029
2012/5/3,2691.52 ,0.684847714
2012/5/2,2683.49 ,0.682804509
2012/4/27,2626.16 ,0.668217094
2012/4/26,2631.49 ,0.669573293
2012/4/25,2625.99 ,0.668173838
2012/4/24,2604.87 ,0.662799929
2012/4/23,2606.04 ,0.663097631
2012/4/20,2626.84 ,0.668390117
2012/4/19,2596.06 ,0.660558256
2012/4/18,2599.91 ,0.661537874
2012/4/17,2541.88 ,0.646772347
2012/4/16,2574.04 ,0.654955345
2012/4/13,2580.45 ,0.656586346
2012/4/12,2570.44 ,0.654039337
2012/4/11,2520.04 ,0.641215236
2012/4/10,2519.79 ,0.641151625
2012/4/9,2495.15 ,0.634882064
2012/4/6,2519.83 ,0.641161802
2012/4/5,2512.83 ,0.639380677
2012/3/30,2454.90 ,0.624640594
2012/3/29,2443.12 ,0.621643215
2012/3/28,2474.90 ,0.629729523
2012/3/27,2547.14 ,0.648110735
2012/3/26,2555.44 ,0.650222641
2012/3/23,2552.94 ,0.649586525
2012/3/22,2583.75 ,0.65742602
2012/3/21,2587.79 ,0.658453983
2012/3/20,2584.45 ,0.657604132
2012/3/19,2630.01 ,0.669196713
2012/3/16,2623.52 ,0.667545355
2012/3/15,2585.55 ,0.657884023
2012/3/14,2605.11 ,0.662860996
2012/3/13,2681.07 ,0.682188748
2012/3/12,2654.40 ,0.675402662
2012/3/9,2664.30 ,0.677921681
2012/3/8,2635.79 ,0.670667413
2012/3/7,2603.01 ,0.662326658
2012/3/6,2621.05 ,0.666916872
2012/3/5,2662.70 ,0.677514567
2012/3/2,2679.93 ,0.681898679
2012/3/1,2633.35 ,0.670046564
2012/2/29,2634.14 ,0.670247576
2012/2/28,2662.46 ,0.6774535
2012/2/27,2656.57 ,0.67595481
2012/2/24,2648.02 ,0.673779293
2012/2/23,2606.26 ,0.663153609
2012/2/22,2597.48 ,0.660919569
2012/2/21,2562.45 ,0.65200631
2012/2/20,2540.71 ,0.646474644
2012/2/17,2537.09 ,0.645553548
2012/2/16,2536.07 ,0.645294013
2012/2/15,2549.61 ,0.648739218
2012/2/14,2522.11 ,0.64174194
2012/2/13,2531.98 ,0.644253327
2012/2/10,2533.62 ,0.644670619
2012/2/9,2529.23 ,0.643553599
2012/2/8,2528.24 ,0.643301697
2012/2/7,2457.95 ,0.625416656
2012/2/6,2504.32 ,0.637215338
2012/2/3,2506.09 ,0.637665708
2012/2/2,2486.24 ,0.632614946
2012/2/1,2428.99 ,0.618047887
2012/1/31,2464.26 ,0.627022213
2012/1/30,2460.72 ,0.626121473
2012/1/20,2504.09 ,0.637156815
2012/1/19,2468.35 ,0.628062899
2012/1/18,2422.19 ,0.616317651
2012/1/17,2460.60 ,0.626090939
2012/1/16,2345.65 ,0.59684232
2012/1/13,2394.33 ,0.609228773
2012/1/12,2435.22 ,0.619633088
2012/1/11,2435.61 ,0.619732322
2012/1/10,2447.35 ,0.622719524
2012/1/9,2368.57 ,0.602674232
2012/1/6,2290.60 ,0.582835042
2012/1/5,2276.39 ,0.579219358
2012/1/4,2298.75 ,0.584908781
2011/12/30,2345.74 ,0.59686522
2011/12/29,2311.36 ,0.588117351
2011/12/28,2307.93 ,0.587244599
2011/12/27,2305.04 ,0.586509249
2011/12/26,2335.70 ,0.594310577
2011/12/23,2359.16 ,0.600279891
2011/12/22,2341.34 ,0.595745655
2011/12/21,2339.11 ,0.59517824
2011/12/20,2377.07 ,0.604837027
2011/12/19,2384.41 ,0.606704664
2011/12/16,2390.13 ,0.608160098
2011/12/15,2340.79 ,0.59560571
2011/12/14,2397.48 ,0.610030279
2011/12/13,2421.93 ,0.616251495
2011/12/12,2477.69 ,0.630439429
2011/12/9,2503.46 ,0.636996514
2011/12/8,2525.00 ,0.642477291
2011/12/7,2528.23 ,0.643299153
2011/12/6,2516.34 ,0.640273784
2011/12/5,2521.39 ,0.641558739
2011/12/2,2557.31 ,0.650698456
2011/12/1,2583.61 ,0.657390397
2011/11/30,2521.52 ,0.641591817
2011/11/29,2608.57 ,0.663741381
2011/11/28,2573.32 ,0.654772143
2011/11/25,2569.97 ,0.653919748
2011/11/24,2588.92 ,0.658741508
2011/11/23,2584.01 ,0.657492176
2011/11/22,2609.48 ,0.663972927
2011/11/21,2609.69 ,0.664026361
2011/11/18,2606.50 ,0.663214676
2011/11/17,2662.02 ,0.677341543
2011/11/16,2670.12 ,0.67940256
2011/11/15,2744.68 ,0.698374087
2011/11/14,2750.20 ,0.699778632
2011/11/11,2695.00 ,0.685733187
2011/11/10,2699.59 ,0.686901097
2011/11/9,2751.65 ,0.700147579
2011/11/8,2727.71 ,0.694056131
2011/11/7,2736.25 ,0.696229104
2011/11/4,2763.75 ,0.703226381
2011/11/3,2744.30 ,0.698277398
2011/11/2,2742.39 ,0.697791405
2011/11/1,2697.53 ,0.686376937
2011/10/31,2695.31 ,0.685812066
2011/10/28,2709.02 ,0.689300527
2011/10/27,2657.48 ,0.676186357
2011/10/26,2651.65 ,0.674702934
2011/10/25,2625.43 ,0.668031348
2011/10/24,2576.67 ,0.655624539
2011/10/21,2507.88 ,0.638121167
2011/10/20,2520.53 ,0.641339915
2011/10/19,2583.08 ,0.657255541
2011/10/18,2592.21 ,0.659578637
2011/10/17,2666.95 ,0.678595964
2011/10/14,2653.78 ,0.675244905
2011/10/13,2662.60 ,0.677489122
2011/10/12,2644.76 ,0.672949798
2011/10/11,2551.99 ,0.6493448
2011/10/10,2557.08 ,0.650639933
2011/9/30,2581.35 ,0.656815348
2011/9/29,2588.19 ,0.658555762
2011/9/28,2610.59 ,0.664255362
2011/9/27,2637.88 ,0.671199206
2011/9/26,2610.92 ,0.66433933
2011/9/23,2669.48 ,0.679239714
2011/9/22,2685.69 ,0.683364291
2011/9/21,2771.01 ,0.705073662
2011/9/20,2689.85 ,0.684422788
2011/9/19,2679.27 ,0.681730745
2011/9/16,2733.99 ,0.695654055
2011/9/15,2729.05 ,0.694397089
2011/9/14,2733.11 ,0.695430142
2011/9/13,2720.28 ,0.692165594
2011/9/9,2751.10 ,0.700007633
2011/9/8,2756.11 ,0.70128241
2011/9/7,2779.09 ,0.70712959
2011/9/6,2723.30 ,0.692934022
2011/9/5,2743.82 ,0.698155263
2011/9/2,2803.85 ,0.713429684
2011/9/1,2834.54 ,0.721238645
2011/8/31,2846.78 ,0.72435307
2011/8/30,2841.74 ,0.72307066
2011/8/29,2852.81 ,0.725887382
2011/8/26,2901.22 ,0.738205135
2011/8/25,2903.84 ,0.738871784
2011/8/24,2810.02 ,0.714999618
2011/8/23,2821.00 ,0.71779344
2011/8/22,2777.79 ,0.706798809
2011/8/19,2807.66 ,0.714399125
2011/8/18,2834.25 ,0.721164856
2011/8/17,2886.01 ,0.734335004
2011/8/16,2897.58 ,0.73727895
2011/8/15,2917.88 ,0.742444213
2011/8/12,2875.37 ,0.731627694
2011/8/11,2866.92 ,0.729477621
2011/8/10,2824.12 ,0.718587313
2011/8/9,2798.19 ,0.711989517
2011/8/8,2793.90 ,0.710897942
2011/8/5,2897.42 ,0.737238238
2011/8/4,2960.31 ,0.753240376
2011/8/3,2954.87 ,0.751856187
2011/8/2,2956.38 ,0.752240401
2011/8/1,2977.72 ,0.757670288
2011/7/29,2972.08 ,0.75623521
2011/7/28,2981.00 ,0.758504873
2011/7/27,3000.05 ,0.763352078
2011/7/26,2977.77 ,0.757683011
2011/7/25,2968.29 ,0.755270858
2011/7/22,3067.99 ,0.780639169
2011/7/21,3059.14 ,0.778387318
2011/7/20,3091.57 ,0.786639017
2011/7/19,3095.13 ,0.787544846
2011/7/18,3122.60 ,0.79453449
2011/7/15,3128.89 ,0.796134958
2011/7/14,3115.75 ,0.792791532
2011/7/13,3106.25 ,0.790374291
2011/7/12,3056.91 ,0.777819903
2011/7/11,3113.21 ,0.792145238
2011/7/8,3109.18 ,0.791119819
2011/7/7,3101.68 ,0.78921147
2011/7/6,3113.71 ,0.792272461
2011/7/5,3122.50 ,0.794509046
2011/7/4,3121.98 ,0.794376733
2011/7/1,3049.75 ,0.775998066
2011/6/30,3044.09 ,0.774557899
2011/6/29,3000.17 ,0.763382611
2011/6/28,3041.73 ,0.773957406
2011/6/27,3036.49 ,0.772624106
2011/6/24,3027.47 ,0.770328999
2011/6/23,2957.63 ,0.752558459
2011/6/22,2908.58 ,0.740077861
2011/6/21,2909.07 ,0.740202539
2011/6/20,2874.90 ,0.731508104
2011/6/17,2892.16 ,0.73589985
2011/6/16,2917.58 ,0.742367879
2011/6/15,2963.12 ,0.75395537
2011/6/14,2993.56 ,0.76170072
2011/6/13,2950.35 ,0.750706089
2011/6/10,2961.93 ,0.753652579
2011/6/9,2951.89 ,0.751097936
2011/6/8,3008.65 ,0.765540317
2011/6/7,3004.26 ,0.764423297
2011/6/3,2986.35 ,0.759866161
2011/6/2,2955.71 ,0.752069922
2011/6/1,3004.17 ,0.764400397
2011/5/31,3001.56 ,0.763736292
2011/5/30,2954.51 ,0.751764586
2011/5/27,2963.31 ,0.754003715
2011/5/26,2978.38 ,0.757838223
2011/5/25,2990.34 ,0.760881403
2011/5/24,3026.22 ,0.770010941
2011/5/23,3022.98 ,0.769186535
2011/5/20,3121.60 ,0.794280044
2011/5/19,3120.64 ,0.794035775
2011/5/18,3139.38 ,0.798804102
2011/5/17,3116.03 ,0.792862777
2011/5/16,3100.46 ,0.788901046
2011/5/13,3128.09 ,0.795931401
2011/5/12,3101.60 ,0.789191115
2011/5/11,3145.09 ,0.800256991
2011/5/10,3153.22 ,0.802325641
2011/5/9,3129.76 ,0.796356327
2011/5/6,3121.40 ,0.794229154
2011/5/5,3126.12 ,0.795430142
2011/5/4,3129.03 ,0.796170581
2011/5/3,3211.13 ,0.817060635
2011/4/29,3192.72 ,0.812376275
2011/4/28,3161.78 ,0.804503702
2011/4/27,3209.50 ,0.816645887
2011/4/26,3230.96 ,0.822106308
2011/4/25,3249.57 ,0.826841556
2011/4/22,3299.94 ,0.839658024
2011/4/21,3317.37 ,0.844093026
2011/4/20,3295.76 ,0.838594438
2011/4/19,3295.81 ,0.83860716
2011/4/18,3359.44 ,0.854797588
2011/4/15,3358.94 ,0.854670365
2011/4/14,3353.56 ,0.853301443
2011/4/13,3372.03 ,0.858001069
2011/4/12,3326.77 ,0.846484822
2011/4/11,3333.43 ,0.848179436
2011/4/8,3353.36 ,0.853250553
2011/4/7,3324.42 ,0.845886873
2011/4/6,3311.07 ,0.842490013
2011/4/1,3272.73 ,0.832734536
2011/3/31,3223.29 ,0.820154703
2011/3/30,3256.08 ,0.828498003
2011/3/29,3257.98 ,0.828981451
2011/3/28,3290.57 ,0.837273861
2011/3/25,3294.48 ,0.838268746
2011/3/24,3251.36 ,0.827297015
2011/3/23,3264.93 ,0.830749854
2011/3/22,3222.96 ,0.820070736
2011/3/21,3207.11 ,0.81603776
2011/3/18,3215.69 ,0.81822091
2011/3/17,3197.10 ,0.813490751
2011/3/16,3248.20 ,0.826492965
2011/3/15,3203.96 ,0.815236254
2011/3/14,3262.92 ,0.830238416
2011/3/11,3247.38 ,0.826284318
2011/3/10,3280.26 ,0.834650518
2011/3/9,3338.86 ,0.84956108
2011/3/8,3337.46 ,0.849204855
2011/3/7,3334.51 ,0.848454238
2011/3/4,3270.67 ,0.832210376
2011/3/3,3221.72 ,0.819755223
2011/3/2,3243.30 ,0.825246177
2011/3/1,3254.89 ,0.828195211
2011/2/28,3239.56 ,0.824294547
2011/2/25,3197.62 ,0.813623063
2011/2/24,3190.94 ,0.811923361
2011/2/23,3174.74 ,0.807801328
2011/2/22,3163.58 ,0.804961706
2011/2/21,3257.91 ,0.82896364
2011/2/18,3211.88 ,0.817251469
2011/2/17,3245.91 ,0.825910282
2011/2/16,3248.53 ,0.826576932
2011/2/15,3217.67 ,0.818724714
2011/2/14,3219.14 ,0.819098751
2011/2/11,3120.96 ,0.794117198
2011/2/10,3104.16 ,0.789842498
2011/2/9,3040.95 ,0.773758937
2011/2/1,3077.28 ,0.783002977
2011/1/31,3076.51 ,0.782807053
2011/1/28,3036.74 ,0.772687718
2011/1/27,3026.47 ,0.770074553
2011/1/26,2978.43 ,0.757850945
2011/1/25,2938.65 ,0.747729065
2011/1/24,2954.23 ,0.751693341
2011/1/21,2983.46 ,0.759130811
2011/1/20,2944.71 ,0.749271011
2011/1/19,3044.85 ,0.774751279
2011/1/18,2977.65 ,0.757652477
2011/1/17,2974.35 ,0.756812804
2011/1/14,3091.86 ,0.786712806
2011/1/13,3141.28 ,0.79928755
2011/1/12,3142.34 ,0.799557263
2011/1/11,3124.92 ,0.795124806
2011/1/10,3108.19 ,0.790867917
2011/1/7,3166.62 ,0.805735223
2011/1/6,3159.64 ,0.803959187
2011/1/5,3175.66 ,0.808035419
2011/1/4,3189.68 ,0.811602758
2010/12/31,3128.26 ,0.795974657
2010/12/30,3064.10 ,0.779649373
2010/12/29,3061.83 ,0.779071779
2010/12/28,3044.93 ,0.774771634
2010/12/27,3099.71 ,0.788710211
2010/12/24,3162.96 ,0.804803949
2010/12/23,3188.61 ,0.8113305
2010/12/22,3215.45 ,0.818159843
2010/12/21,3249.51 ,0.826826289
2010/12/20,3178.66 ,0.808798758
2010/12/17,3225.66 ,0.820757742
2010/12/16,3230.67 ,0.822032518
2010/12/15,3247.64 ,0.826350475
2010/12/14,3269.47 ,0.831905041
2010/12/13,3261.06 ,0.829765146
2010/12/10,3161.98 ,0.804554591
2010/12/9,3123.37 ,0.794730414
2010/12/8,3171.88 ,0.807073611
2010/12/7,3200.34 ,0.814315157
2010/12/6,3165.57 ,0.805468054
2010/12/3,3158.16 ,0.803582606
2010/12/2,3155.06 ,0.802793822
2010/12/1,3136.02 ,0.797949162
2010/11/30,3136.99 ,0.798195975
2010/11/29,3190.05 ,0.811696903
2010/11/26,3194.85 ,0.812918246
2010/11/25,3223.48 ,0.820203048
2010/11/24,3177.04 ,0.808386555
2010/11/23,3107.18 ,0.790610926
2010/11/22,3171.94 ,0.807088878
2010/11/19,3178.85 ,0.808847103
2010/11/18,3147.96 ,0.800987252
2010/11/17,3103.91 ,0.789778886
2010/11/16,3169.54 ,0.806478207
2010/11/15,3314.89 ,0.843461998
2010/11/12,3291.83 ,0.837594463
2010/11/11,3509.98 ,0.893101957
2010/11/10,3499.11 ,0.890336124
2010/11/9,3523.95 ,0.896656574
2010/11/8,3548.57 ,0.902921045
2010/11/5,3520.80 ,0.895855067
2010/11/4,3480.51 ,0.88560342
2010/11/3,3420.34 ,0.870293377
2010/11/2,3463.13 ,0.88118114
2010/11/1,3473.00 ,0.883692527
2010/10/29,3379.98 ,0.860023918
2010/10/28,3397.69 ,0.864530165
2010/10/27,3403.87 ,0.866102644
2010/10/26,3466.08 ,0.881931757
2010/10/25,3481.08 ,0.885748454
2010/10/22,3378.66 ,0.859688049
2010/10/21,3374.69 ,0.858677896
2010/10/20,3396.88 ,0.864324063
2010/10/19,3375.67 ,0.858927254
2010/10/18,3306.16 ,0.841240681
2010/10/15,3327.68 ,0.846716369
2010/10/14,3224.14 ,0.820370983
2010/10/13,3217.58 ,0.818701814
2010/10/12,3172.73 ,0.807289891
2010/10/11,3132.90 ,0.797155289
2010/10/8,3044.23 ,0.774593522
2010/9/30,2935.57 ,0.74694537
2010/9/29,2874.81 ,0.731485204
2010/9/28,2880.91 ,0.733037327
2010/9/27,2905.03 ,0.739174576
2010/9/21,2857.48 ,0.727075647
2010/9/20,2849.83 ,0.725129132
2010/9/17,2861.37 ,0.728065444
2010/9/16,2857.79 ,0.727154525
2010/9/15,2913.19 ,0.741250859
2010/9/14,2965.01 ,0.754436274
2010/9/13,2962.32 ,0.753751813
2010/9/10,2932.55 ,0.746176942
2010/9/9,2926.46 ,0.744627363
2010/9/8,2980.97 ,0.758497239
2010/9/7,2983.11 ,0.759041755
2010/9/6,2975.09 ,0.757001094
2010/9/3,2920.21 ,0.743037073
2010/9/2,2921.39 ,0.74333732
2010/9/1,2884.04 ,0.733833745
2010/8/31,2903.19 ,0.738706394
2010/8/30,2915.01 ,0.741713951
2010/8/27,2858.57 ,0.727352994
2010/8/26,2850.09 ,0.725195288
2010/8/25,2843.02 ,0.723396351
2010/8/24,2911.83 ,0.740904812
2010/8/23,2896.19 ,0.736925269
2010/8/20,2898.33 ,0.737469784
2010/8/19,2955.40 ,0.751991043
2010/8/18,2937.36 ,0.747400829
2010/8/17,2942.29 ,0.748655251
2010/8/16,2922.08 ,0.743512888
2010/8/13,2855.55 ,0.726584565
2010/8/12,2816.39 ,0.716620442
2010/8/11,2850.21 ,0.725225821
2010/8/10,2832.64 ,0.720755197
2010/8/9,2918.24 ,0.742535813
2010/8/6,2897.66 ,0.737299305
2010/8/5,2850.83 ,0.725383578
2010/8/4,2876.43 ,0.731897407
2010/8/3,2865.97 ,0.729235897
2010/8/2,2917.28 ,0.742291545
2010/7/30,2868.85 ,0.729968703
2010/7/29,2877.98 ,0.732291799
2010/7/28,2863.72 ,0.728663393
2010/7/27,2795.72 ,0.711361034
2010/7/26,2811.06 ,0.715264243
2010/7/23,2793.08 ,0.710689295
2010/7/22,2781.29 ,0.707689372
2010/7/21,2747.34 ,0.699050915
2010/7/20,2741.50 ,0.697564947
2010/7/19,2682.47 ,0.682544973
2010/7/16,2616.13 ,0.665664996
2010/7/15,2608.52 ,0.663728658
2010/7/14,2653.61 ,0.675201649
2010/7/13,2634.59 ,0.670362077
2010/7/12,2676.22 ,0.680954683
2010/7/9,2647.10 ,0.673545202
2010/7/8,2575.92 ,0.655433704
2010/7/7,2580.48 ,0.65659398
2010/7/6,2562.90 ,0.652120811
2010/7/5,2512.65 ,0.639334877
2010/7/2,2534.11 ,0.644795298
2010/7/1,2526.07 ,0.642749548
2010/6/30,2563.07 ,0.652164067
2010/6/29,2592.02 ,0.659530292
2010/6/28,2716.78 ,0.691275031
2010/6/25,2736.29 ,0.696239281
2010/6/24,2757.50 ,0.701636091
2010/6/23,2758.50 ,0.701890537
2010/6/22,2783.72 ,0.708307677
2010/6/21,2780.66 ,0.707529071
2010/6/18,2696.17 ,0.68603089
2010/6/17,2742.73 ,0.697877917
2010/6/11,2758.87 ,0.701984682
2010/6/10,2750.02 ,0.699732831
2010/6/9,2782.13 ,0.707903107
2010/6/8,2699.34 ,0.686837485
2010/6/7,2695.72 ,0.685916389
2010/6/4,2744.39 ,0.698300298
2010/6/3,2736.08 ,0.696185848
2010/6/2,2757.53 ,0.701643724
2010/6/1,2744.16 ,0.698241775
2010/5/31,2773.26 ,0.705646167
2010/5/28,2850.30 ,0.725248721
2010/5/27,2859.98 ,0.727711763
2010/5/26,2813.94 ,0.715997048
2010/5/25,2813.94 ,0.715997048
2010/5/24,2873.47 ,0.731144246
2010/5/21,2768.79 ,0.704508791
2010/5/20,2726.02 ,0.693626116
2010/5/19,2762.17 ,0.702824356
2010/5/18,2771.35 ,0.705160174
2010/5/17,2714.72 ,0.690750871
2010/5/14,2868.02 ,0.729757513
2010/5/13,2886.91 ,0.734564006
2010/5/12,2818.16 ,0.717070812
2010/5/11,2800.82 ,0.712658711
2010/5/10,2858.23 ,0.727266482
2010/5/7,2836.79 ,0.72181115
2010/5/6,2896.86 ,0.737095748
2010/5/5,3036.39 ,0.772598662
2010/5/4,3019.45 ,0.768288339
2010/4/30,3067.37 ,0.780481413
2010/4/29,3060.06 ,0.778621409
2010/4/28,3097.35 ,0.788109717
2010/4/27,3108.41 ,0.790923895
2010/4/26,3172.00 ,0.807104145
2010/4/23,3190.00 ,0.811684181
2010/4/22,3201.54 ,0.814620493
2010/4/21,3236.68 ,0.823561741
2010/4/20,3173.37 ,0.807452737
2010/4/19,3176.42 ,0.808228798
2010/4/16,3356.33 ,0.854006259
2010/4/15,3394.57 ,0.863736292
2010/4/14,3403.71 ,0.866061932
2010/4/13,3391.72 ,0.863011119
2010/4/12,3351.48 ,0.852772194
2010/4/9,3379.17 ,0.859817816
2010/4/8,3346.74 ,0.851566118
2010/4/7,3386.95 ,0.86179741
2010/4/6,3405.15 ,0.866428335
2010/4/2,3407.35 ,0.866988117
2010/4/1,3391.94 ,0.863067098
2010/3/31,3345.61 ,0.851278593
2010/3/30,3366.71 ,0.856647414
2010/3/29,3358.54 ,0.854568586
2010/3/26,3275.00 ,0.833312129
2010/3/25,3229.13 ,0.821640671
2010/3/24,3276.67 ,0.833737055
2010/3/23,3275.57 ,0.833457164
2010/3/22,3302.63 ,0.840342485
2010/3/19,3293.87 ,0.838113534
2010/3/18,3267.56 ,0.831419048
2010/3/17,3273.92 ,0.833037327
2010/3/16,3203.97 ,0.815238798
2010/3/15,3183.18 ,0.809948856
2010/3/12,3233.13 ,0.822658457
2010/3/11,3276.71 ,0.833747233
2010/3/10,3279.69 ,0.834505483
2010/3/9,3305.86 ,0.841164347
2010/3/8,3286.18 ,0.836156841
2010/3/5,3259.76 ,0.829434366
2010/3/4,3250.57 ,0.827096003
2010/3/3,3335.08 ,0.848599272
2010/3/2,3311.24 ,0.842533269
2010/3/1,3324.42 ,0.845886873
2010/2/26,3281.67 ,0.835009287
2010/2/25,3292.13 ,0.837670797
2010/2/24,3244.48 ,0.825546424
2010/2/23,3198.63 ,0.813880054
2010/2/22,3233.35 ,0.822714435
2010/2/12,3251.28 ,0.82727666
2010/2/11,3220.40 ,0.819419353
2010/2/10,3214.13 ,0.817823974
2010/2/9,3169.19 ,0.80638915
2010/2/8,3150.99 ,0.801758225
2010/2/5,3153.09 ,0.802292563
2010/2/4,3218.80 ,0.819012239
2010/2/3,3230.72 ,0.822045241
2010/2/2,3146.19 ,0.800536882
2010/2/1,3152.71 ,0.802195873
2010/1/29,3204.16 ,0.815287143
2010/1/28,3206.57 ,0.815900359
2010/1/27,3198.57 ,0.813864787
2010/1/26,3242.80 ,0.825118954
2010/1/25,3328.01 ,0.846800336
2010/1/22,3366.20 ,0.856517646
2010/1/21,3408.57 ,0.867298542
2010/1/20,3394.43 ,0.863700669
2010/1/19,3507.48 ,0.892465841
2010/1/18,3500.68 ,0.890735605
2010/1/15,3482.74 ,0.886170835
2010/1/14,3469.05 ,0.882687463
2010/1/13,3421.14 ,0.870496934
2010/1/12,3534.92 ,0.899447851
2010/1/11,3482.05 ,0.885995267
2010/1/8,3480.13 ,0.88550673
2010/1/7,3471.46 ,0.883300679
2010/1/6,3541.73 ,0.901180632
2010/1/5,3564.04 ,0.906857332
2010/1/4,3535.23 ,0.89952673
